timestamp,hour,day_of_week,month,consumption,temperature,true_anomaly,predicted_anomaly,anomaly_score
2024-01-01 00:00:00,0,0,1,134.28896341221147,16.66435964585924,0,1,-0.590807064503246
2024-01-01 01:00:00,1,0,1,135.4395176016126,23.04230473244773,0,0,-0.506084827437233
2024-01-01 02:00:00,2,0,1,132.15773999887935,18.30737725325886,0,0,-0.5301974392691056
2024-01-01 03:00:00,3,0,1,113.78541213466747,22.883385659135115,0,0,-0.5027046622769796
2024-01-01 04:00:00,4,0,1,128.01774239150734,17.933004051640278,0,0,-0.5335214038088195
2024-01-01 05:00:00,5,0,1,116.66919206940135,21.846955680178404,0,0,-0.496703006080901
2024-01-01 06:00:00,6,0,1,164.11357813675173,18.263791524125928,0,0,-0.5126869411876609
2024-01-01 07:00:00,7,0,1,179.4663203813815,18.16863261541286,0,0,-0.5215223293268599
2024-01-01 08:00:00,8,0,1,41.19438532656971,16.29071321751705,1,1,-0.6150991285400493
2024-01-01 09:00:00,9,0,1,193.5515773815135,23.677748410900275,0,0,-0.4825350421278406
2024-01-01 10:00:00,10,0,1,362.5236067274876,17.080331838411595,1,1,-0.6208993790868482
2024-01-01 11:00:00,11,0,1,158.1065639220176,18.503921455621988,0,0,-0.5071246081233911
2024-01-01 12:00:00,12,0,1,164.05146175205834,21.875473337469444,0,0,-0.47613941527605175
2024-01-01 13:00:00,13,0,1,386.55255137665625,22.404856791364672,1,1,-0.5946615282058865
2024-01-01 14:00:00,14,0,1,177.8858947281632,19.617425410164532,0,0,-0.49446068374257096
2024-01-01 15:00:00,15,0,1,171.9167948434158,17.466756252466638,0,0,-0.5388446578704019
2024-01-01 16:00:00,16,0,1,174.4139638366899,23.091028885934634,0,0,-0.46774708655412284
2024-01-01 17:00:00,17,0,1,185.3320288847626,21.197440165922593,0,0,-0.4892905671097259
2024-01-01 18:00:00,18,0,1,303.3055339705306,15.937403065350928,1,1,-0.6273796750249262
2024-01-01 19:00:00,19,0,1,185.00129606749783,20.261413365866645,0,0,-0.5029528173884475
2024-01-01 20:00:00,20,0,1,182.20115440315428,19.578685933938413,0,0,-0.5221796717307181
2024-01-01 21:00:00,21,0,1,169.14283411722488,23.70048787356604,0,0,-0.4808182711651525
2024-01-01 22:00:00,22,0,1,168.34277414005138,24.3522719148851,0,0,-0.5065348957834395
2024-01-01 23:00:00,23,0,1,134.49739604776406,22.26681950025832,0,0,-0.5487747686682618
2024-01-02 00:00:00,0,1,1,125.44845170281285,12.29267219964711,0,1,-0.6112192314550483
2024-01-02 01:00:00,1,1,1,135.34211961450265,19.401546990495106,0,0,-0.4914937413856537
2024-01-02 02:00:00,2,1,1,136.42680582923458,17.450544213702685,0,0,-0.5144931259034723
2024-01-02 03:00:00,3,1,1,143.83267886723613,15.269957708431388,0,1,-0.5630624378970611
2024-01-02 04:00:00,4,1,1,431.3145027005553,18.57710073742347,1,1,-0.6232619432428065
2024-01-02 05:00:00,5,1,1,134.92581555971054,20.28984454132166,0,0,-0.4561502297929812
2024-01-02 06:00:00,6,1,1,186.61304985931588,17.91725793149425,0,0,-0.5099121640027179
2024-01-02 07:00:00,7,1,1,192.3211530723185,24.510475026369463,0,0,-0.45267742407543876
2024-01-02 08:00:00,8,1,1,53.61291808201304,20.37168693589337,1,0,-0.5427819067867243
2024-01-02 09:00:00,9,1,1,171.99648658411192,16.68638924432142,0,0,-0.5158976168115246
2024-01-02 10:00:00,10,1,1,171.30877494728423,19.20097243045356,0,0,-0.46110848183341463
2024-01-02 11:00:00,11,1,1,162.22594307496615,22.04488660784962,0,0,-0.443321040675928
2024-01-02 12:00:00,12,1,1,181.354584059236,19.41380372992031,0,0,-0.4703143443127858
2024-01-02 13:00:00,13,1,1,163.58304212354057,23.970213563668906,0,0,-0.43314022086863735
2024-01-02 14:00:00,14,1,1,179.3790847129455,22.261709319011032,0,0,-0.446650470648165
2024-01-02 15:00:00,15,1,1,494.93835476299813,22.96174585705273,1,1,-0.6300849174424871
2024-01-02 16:00:00,16,1,1,193.41090206143363,22.633799314970865,0,0,-0.4602049111607374
2024-01-02 17:00:00,17,1,1,160.33403988074272,17.04976630060697,0,0,-0.5282652337230126
2024-01-02 18:00:00,18,1,1,184.6878347186075,17.8488813027655,0,0,-0.5031645728211327
2024-01-02 19:00:00,19,1,1,168.04843690059477,18.14721620452359,0,0,-0.4979321571069001
2024-01-02 20:00:00,20,1,1,174.58468236494647,24.101458007395248,0,0,-0.44658988772741387
2024-01-02 21:00:00,21,1,1,192.5767783162282,20.76536178462309,0,0,-0.4927160312389945
2024-01-02 22:00:00,22,1,1,175.58158568380173,20.620758837376943,0,0,-0.49012500912427676
2024-01-02 23:00:00,23,1,1,136.5369431868835,22.72659399304538,0,0,-0.514878617276872
2024-01-03 00:00:00,0,2,1,125.44605121429723,17.73818431670675,0,0,-0.5349008554848953
2024-01-03 01:00:00,1,2,1,138.6931529358496,20.80451315850543,0,0,-0.47851181330225984
2024-01-03 02:00:00,2,2,1,133.8047548386313,23.710099168790485,0,0,-0.44138234204383103
2024-01-03 03:00:00,3,2,1,143.12806739730448,23.747176096156544,0,0,-0.4364316987845113
2024-01-03 04:00:00,4,2,1,125.62042579451798,21.472679362913215,0,0,-0.4506250996087527
2024-01-03 05:00:00,5,2,1,140.35587121485696,23.185825221421293,0,0,-0.43290640482394926
2024-01-03 06:00:00,6,2,1,185.96823459965063,21.27772268791183,0,0,-0.4559903930017879
2024-01-03 07:00:00,7,2,1,35.39912940148699,16.089279693343702,1,1,-0.6053634897679141
2024-01-03 08:00:00,8,2,1,187.9264697188953,19.358739812031473,0,0,-0.46446918287285566
2024-01-03 09:00:00,9,2,1,171.46168767613983,19.60863353137557,0,0,-0.45019211181221214
2024-01-03 10:00:00,10,2,1,171.80321743947272,27.79094287568801,0,0,-0.4243785215360484
2024-01-03 11:00:00,11,2,1,199.90030293618764,23.120882345338025,0,0,-0.4497403004805564
2024-01-03 12:00:00,12,2,1,156.99090274193412,19.311837262410407,0,0,-0.4572479974732016
2024-01-03 13:00:00,13,2,1,155.73030940835767,25.63998743743879,0,0,-0.4182773026478474
2024-01-03 14:00:00,14,2,1,167.89944997363705,23.502975728895414,0,0,-0.41999604117761286
2024-01-03 15:00:00,15,2,1,189.88146560962088,25.63163168803195,0,0,-0.43860433053443937
2024-01-03 16:00:00,16,2,1,158.94166692600828,19.976150566347172,0,0,-0.45606864440489037
2024-01-03 17:00:00,17,2,1,193.93353795323873,17.901298847541298,0,0,-0.5107578302492469
2024-01-03 18:00:00,18,2,1,167.50601536202683,25.33902378041373,0,0,-0.42342575015630113
2024-01-03 19:00:00,19,2,1,188.34032659563417,19.323573153510445,0,0,-0.48373998560420367
2024-01-03 20:00:00,20,2,1,187.60543087784671,20.123941161513986,0,0,-0.48521137408757725
2024-01-03 21:00:00,21,2,1,180.31651446613247,21.120344117983713,0,0,-0.4723947212562785
2024-01-03 22:00:00,22,2,1,185.64033048612683,22.813350686552617,0,0,-0.4882274951456282
2024-01-03 23:00:00,23,2,1,143.33301453001974,20.438056609019203,0,0,-0.524017304759203
2024-01-04 00:00:00,0,3,1,396.5449858461149,18.90758351362997,1,1,-0.6279621462278888
2024-01-04 01:00:00,1,3,1,143.5494654250054,25.142690086031273,0,0,-0.46154807874450215
2024-01-04 02:00:00,2,3,1,149.05254226993256,22.45099430646349,0,0,-0.4537696102869888
2024-01-04 03:00:00,3,3,1,127.93229562790701,17.144816484248253,0,0,-0.5335952925107196
2024-01-04 04:00:00,4,3,1,143.50654315473562,25.475849231711667,0,0,-0.43293004750532743
2024-01-04 05:00:00,5,3,1,136.66103553286214,21.612881758758395,0,0,-0.44423121395828635
2024-01-04 06:00:00,6,3,1,190.0774216225929,20.121080457899783,0,0,-0.4696738097707445
2024-01-04 07:00:00,7,3,1,184.38412821897515,19.010212631946253,0,0,-0.46694510152823254
2024-01-04 08:00:00,8,3,1,181.54876053641274,15.484102772396126,0,0,-0.5375128333483354
2024-01-04 09:00:00,9,3,1,179.4773096206625,17.28099761473362,0,0,-0.5041380783802581
2024-01-04 10:00:00,10,3,1,384.71032744013314,14.611666277972006,1,1,-0.6354715116949199
2024-01-04 11:00:00,11,3,1,193.38998073629193,23.303898725870962,0,0,-0.4416172328399908
2024-01-04 12:00:00,12,3,1,179.18247829240903,19.603288939779215,0,0,-0.45543189267042905
2024-01-04 13:00:00,13,3,1,546.214856588356,23.531563058863316,1,1,-0.6076042823483988
2024-01-04 14:00:00,14,3,1,157.29104685068037,18.931994608559016,0,0,-0.45965362914352487
2024-01-04 15:00:00,15,3,1,181.19700807652805,25.64551195829153,0,0,-0.4219539136763269
2024-01-04 16:00:00,16,3,1,356.2024628022356,24.759567491563946,1,0,-0.5367024057295957
2024-01-04 17:00:00,17,3,1,188.37735715755457,21.223509042216467,0,0,-0.45126462769477066
2024-01-04 18:00:00,18,3,1,183.2258816787957,21.176584735296384,0,0,-0.4438453588574756
2024-01-04 19:00:00,19,3,1,190.50853501699183,21.14141469566884,0,0,-0.4598676601152093
2024-01-04 20:00:00,20,3,1,197.5174297703382,24.59033332387822,0,0,-0.4506437393131154
2024-01-04 21:00:00,21,3,1,195.76039867337738,23.928761266014646,0,0,-0.46375890192532565
2024-01-04 22:00:00,22,3,1,167.912012612132,24.108369792184174,0,0,-0.4667969061093399
2024-01-04 23:00:00,23,3,1,122.63483951685467,22.108732130208068,0,0,-0.5266205400702512
2024-01-05 00:00:00,0,4,1,140.21628021160328,23.257925451623194,0,0,-0.482921533017268
2024-01-05 01:00:00,1,4,1,155.59550233122488,20.64587118750873,0,0,-0.49075091809849364
2024-01-05 02:00:00,2,4,1,148.05140616714576,21.939934673443915,0,0,-0.4538202633075867
2024-01-05 03:00:00,3,4,1,138.52662526539527,20.80499361853321,0,0,-0.4547027895282472
2024-01-05 04:00:00,4,4,1,148.99250913513623,20.749079638109418,0,0,-0.4522082637276186
2024-01-05 05:00:00,5,4,1,144.53840554602823,21.99274143969216,0,0,-0.4456886755818025
2024-01-05 06:00:00,6,4,1,179.9424319079728,20.15735582382184,0,0,-0.4698616783490294
2024-01-05 07:00:00,7,4,1,157.54458643871712,22.713632194103038,0,0,-0.4361462845131965
2024-01-05 08:00:00,8,4,1,171.48104937453138,21.8448870685453,0,0,-0.44639817875829835
2024-01-05 09:00:00,9,4,1,200.1296370882883,25.782403245505915,0,0,-0.4498351255438303
2024-01-05 10:00:00,10,4,1,208.5394169417925,18.07819302990461,0,0,-0.5224677919098214
2024-01-05 11:00:00,11,4,1,184.91977217456272,23.783545781369355,0,0,-0.4420021326565871
2024-01-05 12:00:00,12,4,1,181.50243255726468,23.818987869240406,0,0,-0.4348725002438167
2024-01-05 13:00:00,13,4,1,179.8964577892101,14.658926019500074,0,1,-0.5658318397812714
2024-01-05 14:00:00,14,4,1,189.0214826107448,21.138094440674017,0,0,-0.45649038477501247
2024-01-05 15:00:00,15,4,1,186.60045942165956,16.19889473246155,0,0,-0.5430109194161971
2024-01-05 16:00:00,16,4,1,160.14251923037887,20.834964892122535,0,0,-0.4518445376675179
2024-01-05 17:00:00,17,4,1,174.27911272112277,22.677442508022366,0,0,-0.4507363570782573
2024-01-05 18:00:00,18,4,1,184.7540507878651,19.885095517884338,0,0,-0.47162925275770373
2024-01-05 19:00:00,19,4,1,423.2710046949867,19.5587920666702,1,1,-0.6012162529229903
2024-01-05 20:00:00,20,4,1,169.4162986480692,20.940741989542857,0,0,-0.47201228365743203
2024-01-05 21:00:00,21,4,1,70.59860497948242,24.87121708399976,1,0,-0.5306172767173724
2024-01-05 22:00:00,22,4,1,178.67431223583358,19.058796041952693,0,0,-0.5263964315707588
2024-01-05 23:00:00,23,4,1,145.6650646342344,17.594590541456242,0,1,-0.5775647486336588
2024-01-06 00:00:00,0,5,1,112.00639261409572,23.843678258198185,0,0,-0.48697718995314127
2024-01-06 01:00:00,1,5,1,107.75272693085319,24.206060168827953,0,0,-0.4667084732615214
2024-01-06 02:00:00,2,5,1,106.76596424242535,18.879391208934084,0,0,-0.49274879226918145
2024-01-06 03:00:00,3,5,1,107.17729260008562,21.17825349329823,0,0,-0.45872107845687055
2024-01-06 04:00:00,4,5,1,103.92689589572055,21.987011018635627,0,0,-0.4540434202288909
2024-01-06 05:00:00,5,5,1,121.67935603107524,23.303961615234883,0,0,-0.4412302615096484
2024-01-06 06:00:00,6,5,1,135.615728671247,20.03226047384504,0,0,-0.45941649903824855
2024-01-06 07:00:00,7,5,1,148.8743443923825,19.359282868330038,0,0,-0.477903320723912
2024-01-06 08:00:00,8,5,1,155.69747223906597,21.458275488887985,0,0,-0.4506975168768961
2024-01-06 09:00:00,9,5,1,138.64869651358055,20.67043580520007,0,0,-0.44929346212407845
2024-01-06 10:00:00,10,5,1,132.4743633890491,18.91087709461082,0,0,-0.47568505856723875
2024-01-06 11:00:00,11,5,1,123.21040321964779,23.46126679413804,0,0,-0.43982328769771334
2024-01-06 12:00:00,12,5,1,133.44493761699286,22.130024401537217,0,0,-0.44033581999897237
2024-01-06 13:00:00,13,5,1,138.10564943535346,19.831020668851764,0,0,-0.4608799471585885
2024-01-06 14:00:00,14,5,1,144.27970101773596,24.23850758989252,0,0,-0.4288794160572895
2024-01-06 15:00:00,15,5,1,131.55091657808111,18.444039850505607,0,0,-0.4916987768544941
2024-01-06 16:00:00,16,5,1,128.42987699904998,16.88801652848674,0,0,-0.5242721080797526
2024-01-06 17:00:00,17,5,1,140.00425634174712,22.27482348014309,0,0,-0.45339918319887945
2024-01-06 18:00:00,18,5,1,135.54747977786454,19.676396044303917,0,0,-0.47903672927912916
2024-01-06 19:00:00,19,5,1,151.05553624424277,23.807922364271906,0,0,-0.4475335800572929
2024-01-06 20:00:00,20,5,1,118.31507263351975,22.01290083682118,0,0,-0.4826920360085695
2024-01-06 21:00:00,21,5,1,143.22347898112508,26.254819562557834,0,0,-0.47017484347508537
2024-01-06 22:00:00,22,5,1,140.55413297031888,20.56968525995647,0,0,-0.5105901527096472
2024-01-06 23:00:00,23,5,1,114.50651399811332,24.640586303111085,0,0,-0.5239631578334973
2024-01-07 00:00:00,0,6,1,115.55579124903072,20.79615765848799,0,0,-0.536154683999631
2024-01-07 01:00:00,1,6,1,115.77842510803356,14.866236883050796,0,1,-0.6099957793053127
2024-01-07 02:00:00,2,6,1,121.80964060717493,20.850390950924293,0,0,-0.4951666122995764
2024-01-07 03:00:00,3,6,1,121.54832251295147,21.865487823133822,0,0,-0.48291865343038576
2024-01-07 04:00:00,4,6,1,112.48405754910013,23.117459558784823,0,0,-0.4665868314669125
2024-01-07 05:00:00,5,6,1,123.89703858647006,21.84618772990171,0,0,-0.46848419321433804
2024-01-07 06:00:00,6,6,1,132.93226707032233,26.140034137341313,0,0,-0.45377712206933546
2024-01-07 07:00:00,7,6,1,141.67922919314466,24.10883250858647,0,0,-0.4557117019801711
2024-01-07 08:00:00,8,6,1,133.7175177811161,20.349888048196753,0,0,-0.47462713002528656
2024-01-07 09:00:00,9,6,1,141.4257508314435,24.563478799164,0,0,-0.4473659694766042
2024-01-07 10:00:00,10,6,1,152.9762613377795,18.47834398396292,0,0,-0.5248125943519916
2024-01-07 11:00:00,11,6,1,137.80442762490912,24.17088927279474,0,0,-0.4495005120257538
2024-01-07 12:00:00,12,6,1,145.10572338220402,22.216477632241713,0,0,-0.4600875059242451
2024-01-07 13:00:00,13,6,1,158.71835487143125,21.826322579095407,0,0,-0.4747090680075798
2024-01-07 14:00:00,14,6,1,145.14088339236363,22.346849685451303,0,0,-0.4554604380071318
2024-01-07 15:00:00,15,6,1,145.18328326658454,18.28769271762914,0,0,-0.5222911242225325
2024-01-07 16:00:00,16,6,1,149.68698162483085,21.446961559367033,0,0,-0.4771378175763146
2024-01-07 17:00:00,17,6,1,159.11146705858437,23.300190218636253,0,0,-0.46424113392614047
2024-01-07 18:00:00,18,6,1,137.54326288942121,24.29575846102331,0,0,-0.44849409148633024
2024-01-07 19:00:00,19,6,1,122.97653100055429,23.634124916338664,0,0,-0.4645108681587002
2024-01-07 20:00:00,20,6,1,146.78147882268158,18.384132834467188,0,0,-0.5428883092166621
2024-01-07 21:00:00,21,6,1,139.76534164699837,17.813638798263273,0,1,-0.5596711642968153
2024-01-07 22:00:00,22,6,1,142.70649548118442,18.730180587247723,0,0,-0.5505283708292785
2024-01-07 23:00:00,23,6,1,112.23303686993901,21.298832373107064,0,1,-0.5562870461714534
2024-01-08 00:00:00,0,0,1,39.35921608603748,21.458588615041222,1,1,-0.6110823917221562
2024-01-08 01:00:00,1,0,1,46.71184135616022,18.492487708291133,1,1,-0.6156962871635274
2024-01-08 02:00:00,2,0,1,136.49463588063043,18.291895441739424,0,0,-0.5287354810663338
2024-01-08 03:00:00,3,0,1,149.62518211567235,21.07069525929816,0,0,-0.4908843609020026
2024-01-08 04:00:00,4,0,1,134.62930714763604,20.760163733451556,0,0,-0.49682184273778385
2024-01-08 05:00:00,5,0,1,148.98106302165218,19.53851185345658,0,0,-0.49249955314367083
2024-01-08 06:00:00,6,0,1,515.9187984473656,23.368621516563735,1,1,-0.6714324093277322
2024-01-08 07:00:00,7,0,1,171.12103196614194,21.190215521072112,0,0,-0.4784606415378604
2024-01-08 08:00:00,8,0,1,192.03739465747012,26.82772915511835,0,0,-0.47766435057375395
2024-01-08 09:00:00,9,0,1,170.0406353867058,19.087143160177288,0,0,-0.49185872697991817
2024-01-08 10:00:00,10,0,1,179.87302455894368,18.18537831670126,0,0,-0.5157798050161003
2024-01-08 11:00:00,11,0,1,181.74172946044686,16.661231688877706,0,0,-0.5448634441198495
2024-01-08 12:00:00,12,0,1,179.48184912595747,16.670814413036723,0,0,-0.5532446462569743
2024-01-08 13:00:00,13,0,1,182.6272888412207,21.84901674843879,0,0,-0.47826960533141716
2024-01-08 14:00:00,14,0,1,179.22231007148753,28.41827795518227,0,0,-0.4692951456310326
2024-01-08 15:00:00,15,0,1,186.33425728949916,20.708797072876344,0,0,-0.4942715044657732
2024-01-08 16:00:00,16,0,1,184.90573668952254,17.085113041995204,0,0,-0.5545988664985387
2024-01-08 17:00:00,17,0,1,198.31148464289882,24.137331548835135,0,0,-0.48587571686861
2024-01-08 18:00:00,18,0,1,190.3507833904594,18.983946923322826,0,0,-0.5188403412218117
2024-01-08 19:00:00,19,0,1,187.0803598659673,24.42566310385002,0,0,-0.4750870413459503
2024-01-08 20:00:00,20,0,1,177.09565765907303,20.972505831367965,0,0,-0.5049782786957983
2024-01-08 21:00:00,21,0,1,177.68809545400708,23.77027181257443,0,0,-0.4844553757532611
2024-01-08 22:00:00,22,0,1,167.32145828062983,23.759766310383466,0,0,-0.5069625001941384
2024-01-08 23:00:00,23,0,1,146.81607395188126,21.134863118718638,0,0,-0.5477032720714744
2024-01-09 00:00:00,0,1,1,376.9849757580289,22.04317216918898,1,1,-0.6004053561591314
2024-01-09 01:00:00,1,1,1,134.5031787500693,25.03120467023737,0,0,-0.46774155707334336
2024-01-09 02:00:00,2,1,1,155.5322645098156,17.40663654012487,0,0,-0.5141293340194084
2024-01-09 03:00:00,3,1,1,146.9680728600678,23.688933174239747,0,0,-0.452305362403045
2024-01-09 04:00:00,4,1,1,142.73375720497444,18.14375745587744,0,0,-0.4984324102484785
2024-01-09 05:00:00,5,1,1,150.80061002651018,22.471270325820093,0,0,-0.4461058231331506
2024-01-09 06:00:00,6,1,1,193.59321703683813,20.761871502646322,0,0,-0.47638109112032456
2024-01-09 07:00:00,7,1,1,181.237764398987,21.96003972308702,0,0,-0.44969409383065345
2024-01-09 08:00:00,8,1,1,187.93488963467146,24.599857568129682,0,0,-0.44315116556303974
2024-01-09 09:00:00,9,1,1,186.26695975180635,21.515234052220897,0,0,-0.4512679038231688
2024-01-09 10:00:00,10,1,1,185.7521817615542,20.769347340122962,0,0,-0.4618983943483496
2024-01-09 11:00:00,11,1,1,184.18363811815308,23.67944351093935,0,0,-0.4409061167129661
2024-01-09 12:00:00,12,1,1,182.41095511037338,21.403906194057733,0,0,-0.45425648394672596
2024-01-09 13:00:00,13,1,1,186.00314540988862,16.40857751314891,0,0,-0.5311247819692599
2024-01-09 14:00:00,14,1,1,185.09345668549258,18.159882805514947,0,0,-0.4901772143843077
2024-01-09 15:00:00,15,1,1,191.7733799812347,22.35996624079478,0,0,-0.4620167391364725
2024-01-09 16:00:00,16,1,1,184.63520397410426,24.98903707195604,0,0,-0.444227367808414
2024-01-09 17:00:00,17,1,1,177.12618782931875,16.964396334603766,0,0,-0.5350515373800653
2024-01-09 18:00:00,18,1,1,177.04617090591327,19.2324832959193,0,0,-0.4694981826468425
2024-01-09 19:00:00,19,1,1,162.69731049744092,18.639279962852033,0,0,-0.48642633470634183
2024-01-09 20:00:00,20,1,1,190.79847624332248,29.20127104319682,0,0,-0.4867595563578429
2024-01-09 21:00:00,21,1,1,181.84440022489306,27.146062600622805,0,0,-0.4622887565311478
2024-01-09 22:00:00,22,1,1,173.5672827156238,23.959500353585234,0,0,-0.4698294628402384
2024-01-09 23:00:00,23,1,1,140.08868605105135,21.799657012346692,0,0,-0.5129852898074455
2024-01-10 00:00:00,0,2,1,151.93514176361904,23.34548807856987,0,0,-0.4728973951693126
2024-01-10 01:00:00,1,2,1,140.4394852403105,20.21440154114108,0,0,-0.4784281350039942
2024-01-10 02:00:00,2,2,1,41.62487621098786,23.96638726199079,1,0,-0.5408636237511683
2024-01-10 03:00:00,3,2,1,148.3884979965045,22.660722871517855,0,0,-0.4413869936976756
2024-01-10 04:00:00,4,2,1,134.16482374399186,19.834416396251772,0,0,-0.46327228581952107
2024-01-10 05:00:00,5,2,1,44.697172046363086,19.185287005029544,1,1,-0.5591825779704025
2024-01-10 06:00:00,6,2,1,203.6079138212432,26.350015187908657,0,0,-0.4550485374694378
2024-01-10 07:00:00,7,2,1,162.8938472169362,23.776658594918207,0,0,-0.41885651562514975
2024-01-10 08:00:00,8,2,1,193.12156209606252,23.616486647774,0,0,-0.43750495204304624
2024-01-10 09:00:00,9,2,1,191.23434348109538,24.982591360367028,0,0,-0.4309220302872745
2024-01-10 10:00:00,10,2,1,198.31984855369507,21.30990191630612,0,0,-0.45869777793053124
2024-01-10 11:00:00,11,2,1,170.30603323249406,23.916355786224276,0,0,-0.4200539636373883
2024-01-10 12:00:00,12,2,1,492.95416501027995,22.516031489363503,1,1,-0.609474300651655
2024-01-10 13:00:00,13,2,1,186.27951943055353,18.401974662422198,0,0,-0.48357385967507854
2024-01-10 14:00:00,14,2,1,179.7356973883206,24.077400404988165,0,0,-0.42126455786742345
2024-01-10 15:00:00,15,2,1,188.04404786849807,18.149462771467586,0,0,-0.5002399974999608
2024-01-10 16:00:00,16,2,1,178.16659795929397,21.395684581067414,0,0,-0.44618880360599567
2024-01-10 17:00:00,17,2,1,174.050757905058,25.390210925273756,0,0,-0.4250786447841452
2024-01-10 18:00:00,18,2,1,177.88550750434086,22.1126591615348,0,0,-0.4421161008600839
2024-01-10 19:00:00,19,2,1,165.42747422433388,25.756588434825638,0,0,-0.42971509885606407
2024-01-10 20:00:00,20,2,1,156.34925066578757,24.472896194772108,0,0,-0.431062428001839
2024-01-10 21:00:00,21,2,1,196.26968806992733,26.46922312140244,0,0,-0.4759702925536913
2024-01-10 22:00:00,22,2,1,186.86534759659716,18.86641545579073,0,0,-0.5226812562112307
2024-01-10 23:00:00,23,2,1,159.50559985358964,21.939095133542843,0,0,-0.5182770875968965
2024-01-11 00:00:00,0,3,1,144.6999675319902,24.085902594556636,0,0,-0.4807776727415455
2024-01-11 01:00:00,1,3,1,146.099234888559,21.889827057966617,0,0,-0.4728960461971361
2024-01-11 02:00:00,2,3,1,150.51465599201148,19.757487906855605,0,0,-0.4684293757089002
2024-01-11 03:00:00,3,3,1,152.97508588020293,24.07540448251547,0,0,-0.44861489845516994
2024-01-11 04:00:00,4,3,1,149.66706979454486,20.389288761317808,0,0,-0.45402702850300025
2024-01-11 05:00:00,5,3,1,136.608114261372,24.316483032934237,0,0,-0.4283176618794123
2024-01-11 06:00:00,6,3,1,399.1851428120666,30.049810743139403,1,1,-0.5890687663085192
2024-01-11 07:00:00,7,3,1,180.8655796344659,19.362676674568267,0,0,-0.4615924252632987
2024-01-11 08:00:00,8,3,1,170.9140358335753,29.8602321546945,0,0,-0.4432941358556962
2024-01-11 09:00:00,9,3,1,460.160513156803,28.009617011438543,1,1,-0.5987910393091385
2024-01-11 10:00:00,10,3,1,418.27379371075403,23.261559655223955,1,1,-0.5673986837369976
2024-01-11 11:00:00,11,3,1,174.95487179869528,24.555843903920167,0,0,-0.4192571443310587
2024-01-11 12:00:00,12,3,1,41.69850808224331,28.132439158288044,1,0,-0.5299839459213079
2024-01-11 13:00:00,13,3,1,185.46025566161762,24.751416941641942,0,0,-0.4232401852930709
2024-01-11 14:00:00,14,3,1,57.99728176468123,22.123803842866845,1,0,-0.5322580826130345
2024-01-11 15:00:00,15,3,1,194.55288921611188,29.27576441897617,0,0,-0.45076133733951373
2024-01-11 16:00:00,16,3,1,171.1471192991305,19.644093326135785,0,0,-0.45611618830874323
2024-01-11 17:00:00,17,3,1,177.751292011582,26.13737269065206,0,0,-0.4297981948241403
2024-01-11 18:00:00,18,3,1,198.42322220319153,19.376493613361284,0,0,-0.4779543398267377
2024-01-11 19:00:00,19,3,1,449.3798141608104,23.405334662941495,1,1,-0.5978306849212799
2024-01-11 20:00:00,20,3,1,186.55918832230904,17.188128218471476,0,0,-0.5355490192391336
2024-01-11 21:00:00,21,3,1,162.94168801508158,28.796905731811528,0,0,-0.4640377900275348
2024-01-11 22:00:00,22,3,1,189.48343735677847,17.90340776720278,0,0,-0.5427820129629862
2024-01-11 23:00:00,23,3,1,143.80021647337372,23.35065716506369,0,0,-0.5041944007771251
2024-01-12 00:00:00,0,4,1,158.90687125125353,24.028277164123082,0,0,-0.4891369209310717
2024-01-12 01:00:00,1,4,1,140.56449900369074,21.95949655400688,0,0,-0.4717969189685525
2024-01-12 02:00:00,2,4,1,144.37883479142363,16.14125154942139,0,0,-0.5480257301370016
2024-01-12 03:00:00,3,4,1,138.51397429778393,23.812763824930293,0,0,-0.44323870718111535
2024-01-12 04:00:00,4,4,1,140.82614208764693,18.19795930002243,0,0,-0.5013855986444173
2024-01-12 05:00:00,5,4,1,130.58859330091394,23.63873690711455,0,0,-0.4364361572263649
2024-01-12 06:00:00,6,4,1,161.52283968583504,20.371611256208794,0,0,-0.45693680344862264
2024-01-12 07:00:00,7,4,1,187.74741245155136,26.564833488280353,0,0,-0.4519270764953722
2024-01-12 08:00:00,8,4,1,184.2366641342632,21.997960881308725,0,0,-0.4565199034449768
2024-01-12 09:00:00,9,4,1,69.84805564997077,21.265595951226345,1,0,-0.501628306811367
2024-01-12 10:00:00,10,4,1,184.8597372416641,21.16270221208788,0,0,-0.45280450153654395
2024-01-12 11:00:00,11,4,1,178.919766906638,24.297148515408633,0,0,-0.4327779119639517
2024-01-12 12:00:00,12,4,1,173.1365792590671,20.336692054791097,0,0,-0.455174474628671
2024-01-12 13:00:00,13,4,1,177.11950539640597,24.89344581468592,0,0,-0.4265389270077554
2024-01-12 14:00:00,14,4,1,181.42286018151177,24.612835616452227,0,0,-0.43081098132563184
2024-01-12 15:00:00,15,4,1,168.7825484172129,28.991954541393838,0,0,-0.43868099907237634
2024-01-12 16:00:00,16,4,1,62.45357158873656,19.762294618898984,1,0,-0.5396005055423512
2024-01-12 17:00:00,17,4,1,178.50992423773988,27.896195564456058,0,0,-0.4326817819005008
2024-01-12 18:00:00,18,4,1,176.5737270819455,26.02878604679358,0,0,-0.4340835149798323
2024-01-12 19:00:00,19,4,1,176.6178712278049,27.32944174362683,0,0,-0.4388783765137826
2024-01-12 20:00:00,20,4,1,179.7114542725364,26.175194692430143,0,0,-0.4519365795192216
2024-01-12 21:00:00,21,4,1,186.21027573533345,24.951160758453543,0,0,-0.4647301656262333
2024-01-12 22:00:00,22,4,1,176.2145739791262,19.221436297313613,0,0,-0.5237806420932646
2024-01-12 23:00:00,23,4,1,126.63408001274253,27.72372200797133,0,0,-0.5034050590843312
2024-01-13 00:00:00,0,5,1,98.32600195274684,23.585648875085347,0,0,-0.49490894008687963
2024-01-13 01:00:00,1,5,1,110.00834723132387,27.689031214334353,0,0,-0.4815164385165483
2024-01-13 02:00:00,2,5,1,110.39743431918474,21.734891791894775,0,0,-0.4568525615496595
2024-01-13 03:00:00,3,5,1,101.6226631500066,18.50976323253287,0,0,-0.5012476058508313
2024-01-13 04:00:00,4,5,1,124.18822252780095,25.15859458881666,0,0,-0.44090757502517147
2024-01-13 05:00:00,5,5,1,108.60523534340099,24.305451919882152,0,0,-0.43561538425437496
2024-01-13 06:00:00,6,5,1,127.33766510105148,20.52800184066046,0,0,-0.4596210472104678
2024-01-13 07:00:00,7,5,1,131.82723668276785,21.297899595474824,0,0,-0.4476490725823482
2024-01-13 08:00:00,8,5,1,132.70816550859882,21.350786859921595,0,0,-0.4415795371525932
2024-01-13 09:00:00,9,5,1,121.74109360166703,22.693602417948288,0,0,-0.4412065023573766
2024-01-13 10:00:00,10,5,1,127.8141472933107,23.663217538393397,0,0,-0.42898594320526223
2024-01-13 11:00:00,11,5,1,133.8521070081089,22.966869645222527,0,0,-0.4372579891455565
2024-01-13 12:00:00,12,5,1,132.25458871343864,26.821273918608714,0,0,-0.4301518337532257
2024-01-13 13:00:00,13,5,1,134.73123952547675,24.41690031880283,0,0,-0.43188268193885215
2024-01-13 14:00:00,14,5,1,131.92127006267197,22.397862284405004,0,0,-0.44121224034305506
2024-01-13 15:00:00,15,5,1,142.30311463213886,21.131843544889996,0,0,-0.46129001942413744
2024-01-13 16:00:00,16,5,1,137.15714612145445,23.96327592923549,0,0,-0.43734744939808246
2024-01-13 17:00:00,17,5,1,138.4091803584661,19.541884005144198,0,0,-0.48120793131729395
2024-01-13 18:00:00,18,5,1,139.44204652606177,26.939601768826403,0,0,-0.4404481996321515
2024-01-13 19:00:00,19,5,1,136.69668264506865,24.079602067435815,0,0,-0.44227480022476906
2024-01-13 20:00:00,20,5,1,144.8384831419787,24.530472090326462,0,0,-0.452667574491806
2024-01-13 21:00:00,21,5,1,119.71898332870659,17.55802393354399,0,0,-0.5500283761278464
2024-01-13 22:00:00,22,5,1,144.57793521188717,20.005500226114208,0,0,-0.5276522978169543
2024-01-13 23:00:00,23,5,1,99.08673443060758,22.7257255613266,0,0,-0.5507527917726462
2024-01-14 00:00:00,0,6,1,98.37360801817725,24.71670170120579,0,0,-0.5189563201873584
2024-01-14 01:00:00,1,6,1,108.64857152288863,19.638908135321444,0,0,-0.5318549326251959
2024-01-14 02:00:00,2,6,1,114.48263771493899,23.639101621699258,0,0,-0.4780949687794273
2024-01-14 03:00:00,3,6,1,96.72279677311197,25.24852752279826,0,0,-0.4815695510659764
2024-01-14 04:00:00,4,6,1,99.59904341784559,27.312799766155997,0,0,-0.47927119785825406
2024-01-14 05:00:00,5,6,1,96.36252719051161,19.15982210353936,0,0,-0.5165340874917621
2024-01-14 06:00:00,6,6,1,140.8184072512291,21.144197560736934,0,0,-0.4713254106365225
2024-01-14 07:00:00,7,6,1,130.23823192738402,24.4872443944238,0,0,-0.44943679560023064
2024-01-14 08:00:00,8,6,1,319.1264737445684,21.299829118804873,1,1,-0.5672280427401734
2024-01-14 09:00:00,9,6,1,129.72309352489924,25.54743545848086,0,0,-0.4433272539997011
2024-01-14 10:00:00,10,6,1,112.17482978764305,25.94261335034725,0,0,-0.44919835907504796
2024-01-14 11:00:00,11,6,1,132.24121956629872,23.439462985831536,0,0,-0.44640770418069226
2024-01-14 12:00:00,12,6,1,130.72997803121095,25.159908072227648,0,0,-0.4405661682199926
2024-01-14 13:00:00,13,6,1,132.2920493079079,22.75598961506675,0,0,-0.45559792188076675
2024-01-14 14:00:00,14,6,1,129.75610653559275,23.62712826335916,0,0,-0.442346372724203
2024-01-14 15:00:00,15,6,1,130.3620776260998,24.078722784958774,0,0,-0.44410612132845884
2024-01-14 16:00:00,16,6,1,134.04319773029138,21.54521032350205,0,0,-0.470490068101232
2024-01-14 17:00:00,17,6,1,121.19377303008058,23.698781398409395,0,0,-0.45370894472095635
2024-01-14 18:00:00,18,6,1,369.08248126754637,25.040643854490643,1,1,-0.563479201874864
2024-01-14 19:00:00,19,6,1,121.13237213615524,21.58824027631223,0,0,-0.48562858522721236
2024-01-14 20:00:00,20,6,1,122.14517581989189,25.158623156345946,0,0,-0.4754527291984863
2024-01-14 21:00:00,21,6,1,33.70244311413886,24.80031077554562,1,1,-0.5744289709487395
2024-01-14 22:00:00,22,6,1,128.759241651423,21.868244835536252,0,0,-0.5117565537677367
2024-01-14 23:00:00,23,6,1,98.56128292595024,21.449372350516676,0,1,-0.5700087306124387
2024-01-15 00:00:00,0,0,1,133.64169556289644,18.977195610935876,0,1,-0.5560096326341789
2024-01-15 01:00:00,1,0,1,142.96276543729,30.456584722586896,0,0,-0.5279145050529663
2024-01-15 02:00:00,2,0,1,125.53703573069222,27.224411620493534,0,0,-0.4969631318365711
2024-01-15 03:00:00,3,0,1,340.5070423286849,25.898022223842194,1,1,-0.5966536964050214
2024-01-15 04:00:00,4,0,1,133.28627600250178,20.639549790759723,0,0,-0.49797520392340355
2024-01-15 05:00:00,5,0,1,124.48929006350727,29.813983944849202,0,0,-0.5072932022674448
2024-01-15 06:00:00,6,0,1,165.41805360094213,27.14739899688963,0,0,-0.46906857534022706
2024-01-15 07:00:00,7,0,1,150.41976496721577,22.31834441345645,0,0,-0.4661918390396353
2024-01-15 08:00:00,8,0,1,183.1642132725803,27.09059504042156,0,0,-0.4699012045798616
2024-01-15 09:00:00,9,0,1,151.20231574207,22.45387852585954,0,0,-0.4668910837072221
2024-01-15 10:00:00,10,0,1,187.50962438340935,24.51410898371993,0,0,-0.4751717737663855
2024-01-15 11:00:00,11,0,1,174.1707738663125,24.200091872994232,0,0,-0.4624546909934009
2024-01-15 12:00:00,12,0,1,170.59508267246977,23.018384122743292,0,0,-0.46584130611863805
2024-01-15 13:00:00,13,0,1,345.0502541532217,22.351296264949223,1,1,-0.571895427695659
2024-01-15 14:00:00,14,0,1,151.5168535691765,25.766975944293595,0,0,-0.4583635603259065
2024-01-15 15:00:00,15,0,1,62.82396820408037,22.428440020280092,1,1,-0.5602948638210243
2024-01-15 16:00:00,16,0,1,174.82442944705042,19.98925220062482,0,0,-0.4933348839761099
2024-01-15 17:00:00,17,0,1,165.49798603002822,20.98057351519874,0,0,-0.4875320131500657
2024-01-15 18:00:00,18,0,1,66.18785223047104,28.134707028515642,1,1,-0.5677771520857062
2024-01-15 19:00:00,19,0,1,189.65630418596442,25.558551433195447,0,0,-0.477288005414676
2024-01-15 20:00:00,20,0,1,160.82389791023076,22.00434616152479,0,0,-0.49501440826891024
2024-01-15 21:00:00,21,0,1,147.4035477839838,17.95543344768423,0,0,-0.551298707778348
2024-01-15 22:00:00,22,0,1,164.75368481069123,19.78783155561591,0,0,-0.5369000033475838
2024-01-15 23:00:00,23,0,1,139.12953020747045,24.61759168321831,0,0,-0.5387892307094923
2024-01-16 00:00:00,0,1,1,132.410169469723,27.47149373992033,0,0,-0.4976087070287748
2024-01-16 01:00:00,1,1,1,135.47183925752532,26.04404773963645,0,0,-0.4644851531878309
2024-01-16 02:00:00,2,1,1,126.34018351588377,23.56798462561167,0,0,-0.4611695282477632
2024-01-16 03:00:00,3,1,1,135.15543340529513,25.59522867240031,0,0,-0.4467856410745659
2024-01-16 04:00:00,4,1,1,139.01256386174464,30.773122656089342,0,0,-0.4843106547579311
2024-01-16 05:00:00,5,1,1,128.30242562857285,24.11757387359374,0,0,-0.4433651331371324
2024-01-16 06:00:00,6,1,1,176.35283214337323,22.02554237107459,0,0,-0.4499856626522915
2024-01-16 07:00:00,7,1,1,170.42159567964117,23.844195775498665,0,0,-0.4366980009110417
2024-01-16 08:00:00,8,1,1,160.69442735284576,24.69544200129345,0,0,-0.42938420907853825
2024-01-16 09:00:00,9,1,1,156.9774235997998,28.26335056527931,0,0,-0.434709329157101
2024-01-16 10:00:00,10,1,1,175.13141160898644,19.58465229793662,0,0,-0.4615978875870251
2024-01-16 11:00:00,11,1,1,153.67080738084698,21.48357173372767,0,0,-0.44694761866961846
2024-01-16 12:00:00,12,1,1,181.01274509475286,18.858434791509172,0,0,-0.4773793347124651
2024-01-16 13:00:00,13,1,1,51.155355380092594,21.712642890500383,1,0,-0.54524060769433
2024-01-16 14:00:00,14,1,1,173.66511807669656,24.355081717213366,0,0,-0.4260373180998372
2024-01-16 15:00:00,15,1,1,168.74448618322847,29.64595165055752,0,0,-0.4491967793070241
2024-01-16 16:00:00,16,1,1,178.70603847939495,23.975350328368933,0,0,-0.43621722928270523
2024-01-16 17:00:00,17,1,1,183.96149186861194,22.059050947741277,0,0,-0.45788190074719326
2024-01-16 18:00:00,18,1,1,173.88983953807457,22.721827211511997,0,0,-0.44356126466971024
2024-01-16 19:00:00,19,1,1,152.80197532903708,23.621850719304383,0,0,-0.4401969154760125
2024-01-16 20:00:00,20,1,1,183.07845329289438,24.607485671577745,0,0,-0.4503896718275667
2024-01-16 21:00:00,21,1,1,180.11237347141943,20.818232334645632,0,0,-0.4816872887753052
2024-01-16 22:00:00,22,1,1,158.16642153677606,27.65458555498548,0,0,-0.4852551446707037
2024-01-16 23:00:00,23,1,1,111.11856611927385,25.114950980687844,0,0,-0.5284125880591782
2024-01-17 00:00:00,0,2,1,120.88444529138658,27.17826420447,0,0,-0.47901526495884
2024-01-17 01:00:00,1,2,1,125.73958339239198,25.29503852734032,0,0,-0.45522954286966333
2024-01-17 02:00:00,2,2,1,107.24492210417205,24.717134017200433,0,0,-0.4551322170100369
2024-01-17 03:00:00,3,2,1,111.87118191629534,23.627708271500573,0,0,-0.45332761560011003
2024-01-17 04:00:00,4,2,1,127.10177048420942,25.306697371705685,0,0,-0.4335675423984599
2024-01-17 05:00:00,5,2,1,288.8589000129039,24.495627887247178,1,0,-0.49732296465270587
2024-01-17 06:00:00,6,2,1,151.55467972039992,21.620610304490647,0,0,-0.43311840535904744
2024-01-17 07:00:00,7,2,1,153.6131002975175,28.856108593424466,0,0,-0.4331809577314818
2024-01-17 08:00:00,8,2,1,464.8098451314119,24.467064549214644,1,1,-0.5914102944559262
2024-01-17 09:00:00,9,2,1,144.067754051905,21.092544817565464,0,0,-0.4381326011385489
2024-01-17 10:00:00,10,2,1,166.83723140303823,23.85415233642474,0,0,-0.41562478753435683
2024-01-17 11:00:00,11,2,1,162.11392911746816,21.43559083184703,0,0,-0.43683111325890345
2024-01-17 12:00:00,12,2,1,164.71823889289905,20.20398819602728,0,0,-0.44947063351279287
2024-01-17 13:00:00,13,2,1,186.8223906438422,25.2575051944304,0,0,-0.42965917262696723
2024-01-17 14:00:00,14,2,1,152.01313636080948,27.276615082351547,0,0,-0.41801383667588266
2024-01-17 15:00:00,15,2,1,187.08174147191102,24.69138031233632,0,0,-0.43236725481313837
2024-01-17 16:00:00,16,2,1,155.35555114711912,20.445732452790526,0,0,-0.4496761185686038
2024-01-17 17:00:00,17,2,1,159.94834229048914,30.28509985187324,0,0,-0.45917266827599734
2024-01-17 18:00:00,18,2,1,64.61716691054741,22.32366589525091,1,0,-0.5516336588939377
2024-01-17 19:00:00,19,2,1,158.79479190458915,26.083133068404443,0,0,-0.42888693769669956
2024-01-17 20:00:00,20,2,1,152.97992024452023,19.94762877359964,0,0,-0.4734597012829888
2024-01-17 21:00:00,21,2,1,161.36932150652123,25.830568600282476,0,0,-0.44870807387903777
2024-01-17 22:00:00,22,2,1,170.22770094820962,21.38628888922136,0,0,-0.4847294550987201
2024-01-17 23:00:00,23,2,1,131.17832348662515,25.833206193409197,0,0,-0.49765530993385154
2024-01-18 00:00:00,0,3,1,119.38718292550276,25.41494893828859,0,0,-0.4794834572813006
2024-01-18 01:00:00,1,3,1,139.9308617605274,25.947767715507023,0,0,-0.45929626401104867
2024-01-18 02:00:00,2,3,1,130.33172751266503,27.29555535912482,0,0,-0.45330265910707584
2024-01-18 03:00:00,3,3,1,133.64953546264366,23.074863792086454,0,0,-0.44066809210561975
2024-01-18 04:00:00,4,3,1,121.39753848931463,25.262371205260852,0,0,-0.43578269205271697
2024-01-18 05:00:00,5,3,1,128.87481789564728,20.889147508490254,0,0,-0.450804251352149
2024-01-18 06:00:00,6,3,1,168.4837520650424,25.18417316902116,0,0,-0.42948319042113353
2024-01-18 07:00:00,7,3,1,166.38518071696458,28.696318013034816,0,0,-0.432730782661787
2024-01-18 08:00:00,8,3,1,164.08999159256726,24.50775001562736,0,0,-0.4172415256237947
2024-01-18 09:00:00,9,3,1,167.24485031742276,25.09172472834718,0,0,-0.4141068976948676
2024-01-18 10:00:00,10,3,1,160.82811352739392,25.24306258984925,0,0,-0.41298642106368183
2024-01-18 11:00:00,11,3,1,172.57327942015678,25.492772300679064,0,0,-0.41807920991393865
2024-01-18 12:00:00,12,3,1,172.5539620115073,24.177184930433793,0,0,-0.41508395773919726
2024-01-18 13:00:00,13,3,1,136.39063356883997,27.43903113182586,0,0,-0.4255901456682633
2024-01-18 14:00:00,14,3,1,171.0780489717998,22.775382116887616,0,0,-0.43134533711692213
2024-01-18 15:00:00,15,3,1,152.9061495425629,18.392483473591767,0,0,-0.48087426738323075
2024-01-18 16:00:00,16,3,1,179.34251309603894,24.18270179778998,0,0,-0.4217517494219032
2024-01-18 17:00:00,17,3,1,171.8915285986615,24.908669192792495,0,0,-0.42048193392727834
2024-01-18 18:00:00,18,3,1,154.45002942194827,23.306096880985002,0,0,-0.42854201715172746
2024-01-18 19:00:00,19,3,1,162.20790992326621,26.855150213802453,0,0,-0.4273221127681654
2024-01-18 20:00:00,20,3,1,170.51999540687578,27.618861373595575,0,0,-0.4460340189983768
2024-01-18 21:00:00,21,3,1,150.4811704527801,26.545450604622435,0,0,-0.45119494780536695
2024-01-18 22:00:00,22,3,1,162.12432428815532,21.65438348338088,0,0,-0.4840784544451065
2024-01-18 23:00:00,23,3,1,115.6658795919026,17.732597056548148,0,1,-0.5863861468637382
2024-01-19 00:00:00,0,4,1,114.38431232528077,24.011216009679714,0,0,-0.4839401675109648
2024-01-19 01:00:00,1,4,1,116.31296133109495,25.84911711228869,0,0,-0.46298858996985803
2024-01-19 02:00:00,2,4,1,124.75367605385617,27.260294947482425,0,0,-0.4445335698034887
2024-01-19 03:00:00,3,4,1,123.004948899874,23.445117150821375,0,0,-0.44474722002162104
2024-01-19 04:00:00,4,4,1,269.98356230450025,18.959185393406887,1,1,-0.5603267098682873
2024-01-19 05:00:00,5,4,1,112.85279076133651,26.962723525182014,0,0,-0.4430075637955687
2024-01-19 06:00:00,6,4,1,176.23621388010838,26.838168942308698,0,0,-0.44408712130156863
2024-01-19 07:00:00,7,4,1,152.64085842968115,23.24417580398225,0,0,-0.4334910083287495
2024-01-19 08:00:00,8,4,1,52.71514844438512,25.451181325065463,1,0,-0.49276481260862987
2024-01-19 09:00:00,9,4,1,167.68722827692582,32.728544163895485,0,0,-0.48459372821629854
2024-01-19 10:00:00,10,4,1,142.7268235228368,27.33357440280613,0,0,-0.4228246503414593
2024-01-19 11:00:00,11,4,1,170.79480271092726,21.347223226306948,0,0,-0.4469290181919984
2024-01-19 12:00:00,12,4,1,177.41733784194196,21.800111656550232,0,0,-0.4501227471873324
2024-01-19 13:00:00,13,4,1,156.87275833119142,17.498560499662524,0,0,-0.49743920632179456
2024-01-19 14:00:00,14,4,1,161.71021762439594,31.589688345450853,0,0,-0.4652047270272328
2024-01-19 15:00:00,15,4,1,158.1746379725378,24.17417846319023,0,0,-0.42543622154535515
2024-01-19 16:00:00,16,4,1,151.52195718518226,24.076873944464978,0,0,-0.4298402424524593
2024-01-19 17:00:00,17,4,1,139.89512238464556,21.02748392099248,0,0,-0.4535500031300905
2024-01-19 18:00:00,18,4,1,334.8509645858919,28.011308078055805,1,0,-0.5495014981543627
2024-01-19 19:00:00,19,4,1,154.15768504612657,32.9606731112068,0,0,-0.5171536295865461
2024-01-19 20:00:00,20,4,1,35.42659436327173,25.088903457172375,1,0,-0.5543652234848775
2024-01-19 21:00:00,21,4,1,136.26928988517454,28.016907150663624,0,0,-0.46256906547986953
2024-01-19 22:00:00,22,4,1,142.66041755030787,27.292710721947987,0,0,-0.4768437066258545
2024-01-19 23:00:00,23,4,1,123.71207778039008,29.402826393791763,0,0,-0.5203255172330606
2024-01-20 00:00:00,0,5,1,86.41301794519136,25.253647919358134,0,0,-0.5074341560170139
2024-01-20 01:00:00,1,5,1,81.4577439819505,25.857677698720213,0,0,-0.5062526819813208
2024-01-20 02:00:00,2,5,1,74.40042039446445,29.4036125066888,0,0,-0.5199366086858773
2024-01-20 03:00:00,3,5,1,87.94431244672477,24.344674623301653,0,0,-0.469826770801359
2024-01-20 04:00:00,4,5,1,89.65719940345386,25.479951283993422,0,0,-0.4620944514392016
2024-01-20 05:00:00,5,5,1,92.74854776267962,26.77974543663315,0,0,-0.46268520582155004
2024-01-20 06:00:00,6,5,1,244.76788255394737,32.91446089159488,1,1,-0.5601762430110067
2024-01-20 07:00:00,7,5,1,100.96723804890723,27.08825165374728,0,0,-0.4524179449849543
2024-01-20 08:00:00,8,5,1,123.2959023490501,30.42112476110138,0,0,-0.4550903678011681
2024-01-20 09:00:00,9,5,1,104.01303722566567,21.62688100183511,0,0,-0.45076152972870953
2024-01-20 10:00:00,10,5,1,122.79598493675901,19.46288157209065,0,0,-0.46614290866679653
2024-01-20 11:00:00,11,5,1,99.77291377032934,28.44470493208349,0,0,-0.45725927193642674
2024-01-20 12:00:00,12,5,1,126.93260343977362,24.18136250329232,0,0,-0.4275026850552596
2024-01-20 13:00:00,13,5,1,32.81077036049187,23.660814453829847,1,0,-0.5317063021967963
2024-01-20 14:00:00,14,5,1,108.61900017557872,28.292346026553933,0,0,-0.44709104911826614
2024-01-20 15:00:00,15,5,1,96.97313169727816,28.789053307940897,0,0,-0.4657121473570681
2024-01-20 16:00:00,16,5,1,114.77512075566813,24.843830414248227,0,0,-0.44491691454046883
2024-01-20 17:00:00,17,5,1,105.26318947565895,23.564771553755506,0,0,-0.4575138989093729
2024-01-20 18:00:00,18,5,1,237.019350622663,19.590687418438268,1,0,-0.5338854618096138
2024-01-20 19:00:00,19,5,1,110.32604951260605,25.699120724435158,0,0,-0.45804348726020266
2024-01-20 20:00:00,20,5,1,123.57398690926787,20.40331307834898,0,0,-0.4921691330663208
2024-01-20 21:00:00,21,5,1,105.1539926010091,18.91556540829138,0,0,-0.5395339686588417
2024-01-20 22:00:00,22,5,1,136.77309921672412,24.38511519431394,0,0,-0.4864333085298153
2024-01-20 23:00:00,23,5,1,86.28329650764866,22.432485771128462,0,1,-0.5604398676633424
2024-01-21 00:00:00,0,6,1,82.89251887111622,25.246190322013863,0,0,-0.5390226155773813
2024-01-21 01:00:00,1,6,1,92.97455641171095,19.598797569099474,0,1,-0.5566681844829768
2024-01-21 02:00:00,2,6,1,90.61715344885181,25.958678601852384,0,0,-0.4922783453587177
2024-01-21 03:00:00,3,6,1,99.66879204104285,28.475289036379717,0,0,-0.49294646889660704
2024-01-21 04:00:00,4,6,1,83.13214728008516,20.529768817746646,0,0,-0.5339962874660187
2024-01-21 05:00:00,5,6,1,88.10843148042595,30.42079852368287,0,0,-0.5098814682969469
2024-01-21 06:00:00,6,6,1,112.89462318449506,23.127105293447187,0,0,-0.45581385367611377
2024-01-21 07:00:00,7,6,1,118.23971549601193,21.61589718971761,0,0,-0.4692726163913567
2024-01-21 08:00:00,8,6,1,120.36868249312964,20.799610737843523,0,0,-0.47685404132677106
2024-01-21 09:00:00,9,6,1,109.59241074562217,22.978078111503805,0,0,-0.4498659704217671
2024-01-21 10:00:00,10,6,1,112.7172715221036,28.74585636530624,0,0,-0.464246259311595
2024-01-21 11:00:00,11,6,1,111.99840923630514,29.64984640766721,0,0,-0.4700359841779203
2024-01-21 12:00:00,12,6,1,110.11961509088067,28.681602747686156,0,0,-0.46546265814649546
2024-01-21 13:00:00,13,6,1,110.09575140352106,28.20497892498547,0,0,-0.46641357115695364
2024-01-21 14:00:00,14,6,1,316.8517720074774,28.060252217091392,1,1,-0.5650416397698362
2024-01-21 15:00:00,15,6,1,118.02032598124731,22.973226093343335,0,0,-0.4598555049468696
2024-01-21 16:00:00,16,6,1,111.89184552636422,23.6177068380277,0,0,-0.46167356535794984
2024-01-21 17:00:00,17,6,1,120.78659299995545,27.38160542181357,0,0,-0.46837925777963557
2024-01-21 18:00:00,18,6,1,121.53069883324916,26.998221477126354,0,0,-0.4663218219615253
2024-01-21 19:00:00,19,6,1,111.35216715612678,25.89024150872661,0,0,-0.4703915348846608
2024-01-21 20:00:00,20,6,1,107.00601532378403,24.691722941618103,0,0,-0.4831047589395899
2024-01-21 21:00:00,21,6,1,108.44554796383386,24.87063330520756,0,0,-0.5016778311153178
2024-01-21 22:00:00,22,6,1,35.62101307465758,24.747377936026002,1,1,-0.5903546726713877
2024-01-21 23:00:00,23,6,1,84.33963045381371,23.166360079466504,0,1,-0.5773608587619767
2024-01-22 00:00:00,0,0,1,108.41978265130457,24.840368027136744,0,0,-0.5499529263341814
2024-01-22 01:00:00,1,0,1,120.50670759551909,27.215287922213335,0,0,-0.5197333218430955
2024-01-22 02:00:00,2,0,1,115.27164486754243,20.366507294743368,0,0,-0.5133484867748372
2024-01-22 03:00:00,3,0,1,120.56301513070485,26.340431434990744,0,0,-0.5023145304142791
2024-01-22 04:00:00,4,0,1,100.38324934976873,23.398632341521086,0,0,-0.5090670589880951
2024-01-22 05:00:00,5,0,1,113.153331577141,27.701972985360683,0,0,-0.5065057824606096
2024-01-22 06:00:00,6,0,1,160.61149798731682,21.898597137490295,0,0,-0.4752525110851275
2024-01-22 07:00:00,7,0,1,150.41034572596578,28.04526824087501,0,0,-0.47103335947659686
2024-01-22 08:00:00,8,0,1,144.72990585683957,23.506992041708482,0,0,-0.4694295079180297
2024-01-22 09:00:00,9,0,1,31.78848171775515,22.296994577150087,1,1,-0.5584815432526858
2024-01-22 10:00:00,10,0,1,156.96974129047626,24.586713411868956,0,0,-0.4655577919142421
2024-01-22 11:00:00,11,0,1,149.53460909677378,23.95108318766427,0,0,-0.46528835307636907
2024-01-22 12:00:00,12,0,1,156.81632430424912,24.74692334742526,0,0,-0.4625659249372092
2024-01-22 13:00:00,13,0,1,160.2315032887375,31.380810370424104,0,0,-0.4967420946347156
2024-01-22 14:00:00,14,0,1,465.4638850355426,26.020281961412206,1,1,-0.6267707027572408
2024-01-22 15:00:00,15,0,1,148.63059934245672,28.631238167809393,0,0,-0.47710815719710026
2024-01-22 16:00:00,16,0,1,488.34124008530506,16.968246410291986,1,1,-0.683929276664538
2024-01-22 17:00:00,17,0,1,146.1604565448205,24.847465199138174,0,0,-0.46730870085486576
2024-01-22 18:00:00,18,0,1,147.5676273995714,29.19120331830462,0,0,-0.48610805478206515
2024-01-22 19:00:00,19,0,1,148.1085682333955,26.943422133075007,0,0,-0.474842163960788
2024-01-22 20:00:00,20,0,1,162.7426306954337,28.41868328745573,0,0,-0.4886879458653418
2024-01-22 21:00:00,21,0,1,164.79992736693094,24.261975256001453,0,0,-0.47972241417842443
2024-01-22 22:00:00,22,0,1,150.39021606721693,30.169868665790084,0,0,-0.5338536340142156
2024-01-22 23:00:00,23,0,1,113.48944179585185,25.09120156490529,0,1,-0.5661524635341303
2024-01-23 00:00:00,0,1,1,113.00352302642926,20.3143237934614,0,0,-0.5196505715353015
2024-01-23 01:00:00,1,1,1,265.87860312523617,22.154416450652327,1,0,-0.5447906956196529
2024-01-23 02:00:00,2,1,1,100.72793876285111,25.333738296198845,0,0,-0.47926618553323186
2024-01-23 03:00:00,3,1,1,119.82666395447788,25.450802433902375,0,0,-0.4616707662067522
2024-01-23 04:00:00,4,1,1,115.5232708275939,25.948101761966925,0,0,-0.4631161025086465
2024-01-23 05:00:00,5,1,1,125.12492297039735,26.172519264624597,0,0,-0.44881843301498675
2024-01-23 06:00:00,6,1,1,161.7434781706724,28.571803229931042,0,0,-0.44714372643978706
2024-01-23 07:00:00,7,1,1,143.3914968196959,27.646672749736823,0,0,-0.4452788135342367
2024-01-23 08:00:00,8,1,1,299.91703427389456,30.640197238035498,1,0,-0.5469205178434865
2024-01-23 09:00:00,9,1,1,148.49735415877242,25.512212216300693,0,0,-0.43100876726460324
2024-01-23 10:00:00,10,1,1,154.35629938888877,25.028507057751423,0,0,-0.4332448009064547
2024-01-23 11:00:00,11,1,1,143.44975690746307,23.862230949495387,0,0,-0.4420243862243191
2024-01-23 12:00:00,12,1,1,168.09223573566177,26.64274155149907,0,0,-0.4343246776231408
2024-01-23 13:00:00,13,1,1,142.96191565115979,30.409900356168144,0,0,-0.4639882819754028
2024-01-23 14:00:00,14,1,1,138.9301631704618,24.896601055607572,0,0,-0.4375982141941253
2024-01-23 15:00:00,15,1,1,275.13982765822766,27.555271073672145,1,0,-0.5055779194435251
2024-01-23 16:00:00,16,1,1,155.4394593475392,25.819029500944577,0,0,-0.4380959324402353
2024-01-23 17:00:00,17,1,1,158.6451892852039,20.8364344382441,0,0,-0.4635564342298286
2024-01-23 18:00:00,18,1,1,149.4089551286149,32.28828792764994,0,0,-0.5003140630512449
2024-01-23 19:00:00,19,1,1,132.02253568754762,25.486180351935783,0,0,-0.450487453283177
2024-01-23 20:00:00,20,1,1,54.694104163353124,27.08880631351169,1,0,-0.5539638570717682
2024-01-23 21:00:00,21,1,1,156.84855011652448,26.750689612188353,0,0,-0.45875356564643016
2024-01-23 22:00:00,22,1,1,65.64616195075395,27.41121681772654,1,1,-0.5778006038827317
2024-01-23 23:00:00,23,1,1,113.71558603734489,27.49130137443635,0,0,-0.5358343410984435
2024-01-24 00:00:00,0,2,1,115.67261153956542,22.900485984687496,0,0,-0.4887211721792132
2024-01-24 01:00:00,1,2,1,129.04389692524026,29.320725495433575,0,0,-0.47957262748696144
2024-01-24 02:00:00,2,2,1,127.79457064052427,27.660263410406912,0,0,-0.44803119115556744
2024-01-24 03:00:00,3,2,1,119.02658810749568,22.00653175993096,0,0,-0.4563950208304688
2024-01-24 04:00:00,4,2,1,120.17952567865149,25.363155417484197,0,0,-0.4418015055155506
2024-01-24 05:00:00,5,2,1,111.82843852146071,24.374806949819195,0,0,-0.44110427703149857
2024-01-24 06:00:00,6,2,1,146.50690040349343,21.812113331872258,0,0,-0.4343820059030075
2024-01-24 07:00:00,7,2,1,139.05197507838943,26.305580171873043,0,0,-0.4242336419347964
2024-01-24 08:00:00,8,2,1,140.3466686209396,27.08370039160726,0,0,-0.4188211429154999
2024-01-24 09:00:00,9,2,1,144.98041624676102,22.139675330854438,0,0,-0.4298437707166584
2024-01-24 10:00:00,10,2,1,148.64291660253159,26.525778713706,0,0,-0.42053992356342607
2024-01-24 11:00:00,11,2,1,143.78152002910926,31.844120850132917,0,0,-0.46780314095104264
2024-01-24 12:00:00,12,2,1,169.37480639630778,28.24167581202949,0,0,-0.42918010356774405
2024-01-24 13:00:00,13,2,1,157.62129340876245,24.697513093978827,0,0,-0.4136865699996068
2024-01-24 14:00:00,14,2,1,139.39271766449622,24.271465454323266,0,0,-0.41746436012086435
2024-01-24 15:00:00,15,2,1,416.8020511328878,27.265152609182298,1,1,-0.564348593395394
2024-01-24 16:00:00,16,2,1,129.43985181622205,24.50769001704806,0,0,-0.4307820760859328
2024-01-24 17:00:00,17,2,1,167.85720731318332,28.17504111433539,0,0,-0.4272186167400817
2024-01-24 18:00:00,18,2,1,138.0349309287963,28.033852615379157,0,0,-0.4334474949514074
2024-01-24 19:00:00,19,2,1,125.32763970312082,22.903426316698162,0,0,-0.4568953148931817
2024-01-24 20:00:00,20,2,1,154.35908790151439,25.227688368214807,0,0,-0.4331997641399021
2024-01-24 21:00:00,21,2,1,159.18900353099212,22.39789474253823,0,0,-0.4582050169922369
2024-01-24 22:00:00,22,2,1,151.50745220864383,30.38180192745413,0,0,-0.5094503049341719
2024-01-24 23:00:00,23,2,1,104.38150075637188,26.698194199354532,0,0,-0.5365150794608521
2024-01-25 00:00:00,0,3,1,115.36405634256208,27.72776051391339,0,0,-0.5018821836960893
2024-01-25 01:00:00,1,3,1,110.46467839509374,28.410976521615773,0,0,-0.4804010804896416
2024-01-25 02:00:00,2,3,1,116.7643947655546,19.114469787018294,0,0,-0.4917377343725672
2024-01-25 03:00:00,3,3,1,124.21240956473025,29.038464299481227,0,0,-0.45920461336637697
2024-01-25 04:00:00,4,3,1,121.77375068881676,24.793809007983736,0,0,-0.4355271439955443
2024-01-25 05:00:00,5,3,1,119.32970953392265,27.691622064409206,0,0,-0.4473563833566952
2024-01-25 06:00:00,6,3,1,162.11018793405668,27.98222054712745,0,0,-0.4335922357678389
2024-01-25 07:00:00,7,3,1,142.93186500725608,25.866591537992978,0,0,-0.4224012184215009
2024-01-25 08:00:00,8,3,1,165.01491520784538,25.920182671962166,0,0,-0.4169465221776366
2024-01-25 09:00:00,9,3,1,162.37849794899438,23.106565571401106,0,0,-0.419266865061215
2024-01-25 10:00:00,10,3,1,54.7319631139894,25.406870169853548,1,0,-0.5064795102867132
2024-01-25 11:00:00,11,3,1,158.04491517348106,30.290795872411707,0,0,-0.4452335031679566
2024-01-25 12:00:00,12,3,1,145.38609973746472,27.270061427651697,0,0,-0.4173446794718456
2024-01-25 13:00:00,13,3,1,158.87825774784858,28.466438298418048,0,0,-0.4232411039698143
2024-01-25 14:00:00,14,3,1,167.34629811032897,26.369205863265783,0,0,-0.4153085647647067
2024-01-25 15:00:00,15,3,1,143.30712161325894,22.864393939178434,0,0,-0.43477209289918284
2024-01-25 16:00:00,16,3,1,145.46688299277037,24.123959981454476,0,0,-0.42430943685117634
2024-01-25 17:00:00,17,3,1,149.60277946004123,28.98531970286079,0,0,-0.4359986418716076
2024-01-25 18:00:00,18,3,1,441.947968772305,30.360951349901352,1,1,-0.6131488392892795
2024-01-25 19:00:00,19,3,1,159.77511533334567,27.77187910300065,0,0,-0.4317775442190205
2024-01-25 20:00:00,20,3,1,152.08792309324707,24.697540054969963,0,0,-0.4353296678712552
2024-01-25 21:00:00,21,3,1,132.1590336543992,26.46097715371046,0,0,-0.4550623895144415
2024-01-25 22:00:00,22,3,1,148.04769181519214,24.310069980269265,0,0,-0.46950745261892396
2024-01-25 23:00:00,23,3,1,123.61250367434599,21.264395083235264,0,0,-0.5235891776873031
2024-01-26 00:00:00,0,4,1,111.2607650259986,29.103243088769357,0,0,-0.5168466927302543
2024-01-26 01:00:00,1,4,1,329.9624017380476,27.45548731445478,1,1,-0.5765218690993266
2024-01-26 02:00:00,2,4,1,114.50413443031445,30.773201027529772,0,0,-0.4860043394523766
2024-01-26 03:00:00,3,4,1,132.64649552535175,29.328250327547636,0,0,-0.4547960261198067
2024-01-26 04:00:00,4,4,1,107.9564956151158,25.652258600363687,0,0,-0.44542841227759666
2024-01-26 05:00:00,5,4,1,129.3314744993816,28.48092455984608,0,0,-0.4429553624550787
2024-01-26 06:00:00,6,4,1,153.00040558869625,25.335158472174907,0,0,-0.42923055061441073
2024-01-26 07:00:00,7,4,1,139.3567348648897,27.818725660043853,0,0,-0.4313189193974139
2024-01-26 08:00:00,8,4,1,155.88633160679237,23.742850246957875,0,0,-0.42028229990882365
2024-01-26 09:00:00,9,4,1,155.8679008266478,26.914756402834396,0,0,-0.4173205073646683
2024-01-26 10:00:00,10,4,1,143.48689715448484,26.4029434512774,0,0,-0.42670047090972013
2024-01-26 11:00:00,11,4,1,162.7966108139836,30.236368963163212,0,0,-0.4440322119992694
2024-01-26 12:00:00,12,4,1,152.35362336373817,27.452554247119547,0,0,-0.4231197185798506
2024-01-26 13:00:00,13,4,1,157.90136364628273,23.773191005280037,0,0,-0.41943305228265926
2024-01-26 14:00:00,14,4,1,151.79675581926304,31.239406718142625,0,0,-0.4532714565718141
2024-01-26 15:00:00,15,4,1,167.71118386025557,27.761801219372266,0,0,-0.42911981264126153
2024-01-26 16:00:00,16,4,1,160.6224213596922,30.664995503415852,0,0,-0.45914484718868315
2024-01-26 17:00:00,17,4,1,477.759784082696,31.559469906387424,1,1,-0.6317764709172888
2024-01-26 18:00:00,18,4,1,178.46276230979595,28.86441411529618,0,0,-0.4421088745998071
2024-01-26 19:00:00,19,4,1,159.37189547784754,28.366656495956008,0,0,-0.43800034673417926
2024-01-26 20:00:00,20,4,1,147.12331079103024,21.606711280213553,0,0,-0.45803612201664956
2024-01-26 21:00:00,21,4,1,36.12066939392681,27.01526518148484,1,1,-0.5608792445885376
2024-01-26 22:00:00,22,4,1,152.73584596901787,24.401069042137344,0,0,-0.4765766769494532
2024-01-26 23:00:00,23,4,1,124.7560690681832,26.432325821009275,0,0,-0.5054617513158645
2024-01-27 00:00:00,0,5,1,92.85193493438419,24.393919236401082,0,0,-0.49959864546431687
2024-01-27 01:00:00,1,5,1,88.43875060476094,23.384751995715,0,0,-0.49661444520965353
2024-01-27 02:00:00,2,5,1,95.43837626586462,23.487583801008416,0,0,-0.46497974376882795
2024-01-27 03:00:00,3,5,1,83.59057957634504,21.54144952327024,0,0,-0.49558224576830257
2024-01-27 04:00:00,4,5,1,75.51777856326628,24.526191751247975,0,0,-0.48256602487971667
2024-01-27 05:00:00,5,5,1,87.09846068957819,22.44996990158401,0,0,-0.4696833139260923
2024-01-27 06:00:00,6,5,1,109.48180877075882,22.34774650598527,0,0,-0.4473460237741374
2024-01-27 07:00:00,7,5,1,117.67792035879911,29.100437076409747,0,0,-0.4490578410178334
2024-01-27 08:00:00,8,5,1,121.63905774044665,23.260049406358643,0,0,-0.43556151821741573
2024-01-27 09:00:00,9,5,1,113.32058229005635,28.183125990065403,0,0,-0.43962447539758504
2024-01-27 10:00:00,10,5,1,111.28953396991638,26.92477238848052,0,0,-0.43703078743687085
2024-01-27 11:00:00,11,5,1,127.02245069686967,27.873019702609167,0,0,-0.4384037839644119
2024-01-27 12:00:00,12,5,1,112.85810419928256,22.354909962703108,0,0,-0.4438477392814302
2024-01-27 13:00:00,13,5,1,119.64925212792215,24.838659178065686,0,0,-0.44043209645860537
2024-01-27 14:00:00,14,5,1,133.95528815658366,30.65219467358135,0,0,-0.4575317336250925
2024-01-27 15:00:00,15,5,1,104.90719845912356,29.802399136921014,0,0,-0.4624325724610151
2024-01-27 16:00:00,16,5,1,97.39767966676618,28.29302589821953,0,0,-0.4620708895714441
2024-01-27 17:00:00,17,5,1,133.69625960707646,23.905378656141117,0,0,-0.43626627119405775
2024-01-27 18:00:00,18,5,1,108.07319641743753,25.247118404520272,0,0,-0.4542553727265114
2024-01-27 19:00:00,19,5,1,106.75394672710527,27.205573562526634,0,0,-0.46359162479290195
2024-01-27 20:00:00,20,5,1,114.35638291925751,26.547841566202717,0,0,-0.46858278672088094
2024-01-27 21:00:00,21,5,1,121.50378115517444,29.57000148004535,0,0,-0.49197657335103473
2024-01-27 22:00:00,22,5,1,127.78645918602393,27.788524201722485,0,0,-0.49761007669395785
2024-01-27 23:00:00,23,5,1,81.17113890526059,26.153212044937842,0,0,-0.5502122302300251
2024-01-28 00:00:00,0,6,1,83.23170565294016,26.453065903133126,0,0,-0.5415295076129262
2024-01-28 01:00:00,1,6,1,93.97176746543263,24.638469358508303,0,0,-0.5132061749258838
2024-01-28 02:00:00,2,6,1,25.14649594970517,28.231163042366795,1,1,-0.5695467144992628
2024-01-28 03:00:00,3,6,1,256.9999090033083,25.073049803744112,1,0,-0.5519227304323236
2024-01-28 04:00:00,4,6,1,85.26617650058103,22.9989860609052,0,0,-0.4966576848680406
2024-01-28 05:00:00,5,6,1,83.1679962419985,24.9186570507747,0,0,-0.49350976260492596
2024-01-28 06:00:00,6,6,1,130.66366629875557,26.154220593312523,0,0,-0.453558548666088
2024-01-28 07:00:00,7,6,1,42.59434182905593,31.329705831208905,1,0,-0.5535323078219575
2024-01-28 08:00:00,8,6,1,127.06894156011751,23.36748521970284,0,0,-0.44304745621868324
2024-01-28 09:00:00,9,6,1,123.94624825104579,31.388416448178187,0,0,-0.4843913644354171
2024-01-28 10:00:00,10,6,1,112.68704708722788,27.8874498625851,0,0,-0.46018068644100024
2024-01-28 11:00:00,11,6,1,122.66354375674855,31.154173228247743,0,0,-0.4880081605236033
2024-01-28 12:00:00,12,6,1,124.57912916094558,26.561405086816837,0,0,-0.4534962556412918
2024-01-28 13:00:00,13,6,1,104.91122629690474,29.647871686617588,0,0,-0.476456030225778
2024-01-28 14:00:00,14,6,1,106.95868828680123,29.409687760950344,0,0,-0.4729905160044366
2024-01-28 15:00:00,15,6,1,30.65725777161134,26.96044633878907,1,0,-0.5557114836031118
2024-01-28 16:00:00,16,6,1,127.78853252373061,29.656691524577358,0,0,-0.46730960511941605
2024-01-28 17:00:00,17,6,1,111.65575570885895,26.72795080378573,0,0,-0.466762689848084
2024-01-28 18:00:00,18,6,1,106.25051213202484,23.856043584988385,0,0,-0.47084453099258394
2024-01-28 19:00:00,19,6,1,116.72592575719656,28.759168219736093,0,0,-0.48049656804682417
2024-01-28 20:00:00,20,6,1,126.52914701768641,24.06682001210073,0,0,-0.4702847942689157
2024-01-28 21:00:00,21,6,1,127.5720441307914,26.72547575590588,0,0,-0.4912591211507478
2024-01-28 22:00:00,22,6,1,30.258744771076614,28.946403500475487,1,1,-0.6044098688409781
2024-01-28 23:00:00,23,6,1,89.11868728146938,28.87760388816934,0,1,-0.5635785794860897
2024-01-29 00:00:00,0,0,1,133.5020264038529,26.661243607554717,0,0,-0.5301490216760673
2024-01-29 01:00:00,1,0,1,129.0700117459696,25.170079493398177,0,0,-0.5114895333821263
2024-01-29 02:00:00,2,0,1,126.06853747154082,30.977022899312033,0,0,-0.5234293272223629
2024-01-29 03:00:00,3,0,1,135.39530429435317,33.041984644677925,0,0,-0.5440328653732263
2024-01-29 04:00:00,4,0,1,133.10219504303547,32.29767324989939,0,0,-0.5423395177595877
2024-01-29 05:00:00,5,0,1,116.77952871546748,25.34129832927552,0,0,-0.5011045372588101
2024-01-29 06:00:00,6,0,1,155.65378143128,30.365761191913663,0,0,-0.49585110817606887
2024-01-29 07:00:00,7,0,1,458.6706661768463,31.81201639845398,1,1,-0.667649129973073
2024-01-29 08:00:00,8,0,1,160.11250202668458,27.03354314139095,0,0,-0.46004080441623024
2024-01-29 09:00:00,9,0,1,156.300609422071,30.271860660378604,0,0,-0.4817076746354524
2024-01-29 10:00:00,10,0,1,153.5620998739348,23.430405050762886,0,0,-0.46689695921366947
2024-01-29 11:00:00,11,0,1,164.83744497064555,32.51774750169655,0,0,-0.5203412802751156
2024-01-29 12:00:00,12,0,1,52.10883902234466,29.60694689028997,1,1,-0.5730344548047359
2024-01-29 13:00:00,13,0,1,163.38586493551017,36.26272154049713,0,1,-0.5753959018911191
2024-01-29 14:00:00,14,0,1,160.17604458626252,27.539696344532302,0,0,-0.4629224225769431
2024-01-29 15:00:00,15,0,1,393.52804877960295,30.434562777569624,1,1,-0.614441218788818
2024-01-29 16:00:00,16,0,1,161.94626916497702,28.101150537648458,0,0,-0.46829528039752183
2024-01-29 17:00:00,17,0,1,173.80749422961156,26.09147259681926,0,0,-0.4642371930071952
2024-01-29 18:00:00,18,0,1,166.1396195336916,27.990227873428207,0,0,-0.4709087870698641
2024-01-29 19:00:00,19,0,1,353.3040470605992,26.773391262762967,1,1,-0.5788155202728206
2024-01-29 20:00:00,20,0,1,353.7156982297515,21.953501138588905,1,1,-0.5928836928286532
2024-01-29 21:00:00,21,0,1,153.77051477641837,25.76420634123628,0,0,-0.483221719707158
2024-01-29 22:00:00,22,0,1,147.86478391189073,26.01753606941231,0,0,-0.5102625497639718
2024-01-29 23:00:00,23,0,1,371.1248827214708,23.755857769952964,1,1,-0.6277433826607767
2024-01-30 00:00:00,0,1,1,121.76984616063645,21.426708800225448,0,0,-0.5016124743134394
2024-01-30 01:00:00,1,1,1,134.8689980351326,28.037013842322864,0,0,-0.47853761587177257
2024-01-30 02:00:00,2,1,1,143.7060404871893,22.920755172283286,0,0,-0.4566171328816594
2024-01-30 03:00:00,3,1,1,129.72140920746102,27.135356711973465,0,0,-0.45022349243481896
2024-01-30 04:00:00,4,1,1,324.85692584778786,28.844287728307087,1,1,-0.5687962073860782
2024-01-30 05:00:00,5,1,1,145.01861109335903,29.27326272237664,0,0,-0.45525884414079826
2024-01-30 06:00:00,6,1,1,159.79557419054453,23.684535609482207,0,0,-0.43684617387873453
2024-01-30 07:00:00,7,1,1,169.50225200831832,27.022805372257757,0,0,-0.4327999570303719
2024-01-30 08:00:00,8,1,1,177.57254390790217,26.437088841467315,0,0,-0.43898050692673707
2024-01-30 09:00:00,9,1,1,173.53383923670506,21.37299262080563,0,0,-0.44258411861038255
2024-01-30 10:00:00,10,1,1,162.3362826655482,28.06113178636218,0,0,-0.4396389322874915
2024-01-30 11:00:00,11,1,1,152.4969363915989,35.33871026051623,0,0,-0.5559969791233476
2024-01-30 12:00:00,12,1,1,161.68685539585334,24.617114436065012,0,0,-0.4322748634865593
2024-01-30 13:00:00,13,1,1,163.96473298210387,28.17604831494989,0,0,-0.4364995999853668
2024-01-30 14:00:00,14,1,1,158.16144784055237,28.45402980950563,0,0,-0.43484877457223003
2024-01-30 15:00:00,15,1,1,165.32850531134252,28.657536667167708,0,0,-0.44039904402698643
2024-01-30 16:00:00,16,1,1,176.0800789334045,27.680184526570137,0,0,-0.443711161669212
2024-01-30 17:00:00,17,1,1,160.98104979617517,28.745996278543306,0,0,-0.44490992171579313
2024-01-30 18:00:00,18,1,1,160.0397535701409,26.268486260237314,0,0,-0.4338168333461184
2024-01-30 19:00:00,19,1,1,174.00025739055485,28.485457559116096,0,0,-0.4489133419086451
2024-01-30 20:00:00,20,1,1,163.6502866957435,25.225538567115507,0,0,-0.44733904805735053
2024-01-30 21:00:00,21,1,1,373.6056105432309,27.296552903946154,1,1,-0.5680822082565412
2024-01-30 22:00:00,22,1,1,169.60661900334205,32.16097194135887,0,0,-0.5297642865558764
2024-01-30 23:00:00,23,1,1,130.41077447553337,23.75545042254516,0,0,-0.5087703401224485
2024-01-31 00:00:00,0,2,1,135.78420175193773,25.6085337708787,0,0,-0.46714371005165384
2024-01-31 01:00:00,1,2,1,137.52111984819572,28.08046202320159,0,0,-0.46581556495259135
2024-01-31 02:00:00,2,2,1,395.28332298983605,31.0242514766631,1,1,-0.6136709655676894
2024-01-31 03:00:00,3,2,1,27.4152331619608,26.53019141424364,1,0,-0.552096499552129
2024-01-31 04:00:00,4,2,1,127.17334610811625,31.107732925861708,0,0,-0.4776471026523235
2024-01-31 05:00:00,5,2,1,136.87692776736094,25.60851324241775,0,0,-0.42613000496614717
2024-01-31 06:00:00,6,2,1,165.55746834639373,29.691277772339404,0,0,-0.44001017102772
2024-01-31 07:00:00,7,2,1,50.86789955290712,26.97336581696286,1,0,-0.5290721715066978
2024-01-31 08:00:00,8,2,1,165.87058274950448,28.99757018481217,0,0,-0.43224367789966556
2024-01-31 09:00:00,9,2,1,174.53210428266138,23.104006390017357,0,0,-0.42339528984370794
2024-01-31 10:00:00,10,2,1,175.37352259906575,28.494024940338022,0,0,-0.43077552950537384
2024-01-31 11:00:00,11,2,1,169.74489929914418,24.566353937477317,0,0,-0.4161734012539563
2024-01-31 12:00:00,12,2,1,185.34132953605575,24.253668740599473,0,0,-0.42525438311575064
2024-01-31 13:00:00,13,2,1,156.87312659276907,25.129889642749184,0,0,-0.4171651117685379
2024-01-31 14:00:00,14,2,1,177.06264015649887,26.13193738640619,0,0,-0.4256023357487472
2024-01-31 15:00:00,15,2,1,153.39581883897904,28.441714521709315,0,0,-0.42799864975102975
2024-01-31 16:00:00,16,2,1,155.9499273763828,33.78274777687954,0,0,-0.5301163110473199
2024-01-31 17:00:00,17,2,1,170.7670703506639,30.013147977902932,0,0,-0.4507315745145036
2024-01-31 18:00:00,18,2,1,169.9737343652628,26.763935843674815,0,0,-0.42990024552385364
2024-01-31 19:00:00,19,2,1,170.65535435080966,30.355611689086167,0,0,-0.46574673762472396
2024-01-31 20:00:00,20,2,1,160.24374845378813,28.280923289637546,0,0,-0.44722351790821796
2024-01-31 21:00:00,21,2,1,186.86182030796968,22.050362663965707,0,0,-0.47868686724186565
2024-01-31 22:00:00,22,2,1,167.66269055400724,27.98006067833105,0,0,-0.48014200927585154
2024-01-31 23:00:00,23,2,1,127.55195472642708,29.766286422825765,0,0,-0.5295692225464756
2024-02-01 00:00:00,0,3,2,139.37860380288052,33.35832011466205,0,1,-0.5574870293718935
2024-02-01 01:00:00,1,3,2,139.02224756701708,30.21726654302651,0,0,-0.49040352621255523
2024-02-01 02:00:00,2,3,2,135.1048740849669,24.56429302794157,0,0,-0.44379611695650717
2024-02-01 03:00:00,3,3,2,135.66352163061958,25.61951262947334,0,0,-0.43671618022841296
2024-02-01 04:00:00,4,3,2,135.00000475219173,22.434092447645806,0,0,-0.4421309869909085
2024-02-01 05:00:00,5,3,2,138.91929382174516,29.02829653428927,0,0,-0.4476049087474478
2024-02-01 06:00:00,6,3,2,177.35011084239096,23.43627029733777,0,0,-0.4400338817260887
2024-02-01 07:00:00,7,3,2,168.95150399735422,30.780771680017097,0,0,-0.4569153014535188
2024-02-01 08:00:00,8,3,2,177.86463616306986,31.164732228681864,0,0,-0.4588305583362445
2024-02-01 09:00:00,9,3,2,401.8355496279193,25.80326109531756,1,0,-0.548614219891258
2024-02-01 10:00:00,10,3,2,170.81315452966925,29.175836665635316,0,0,-0.4332853051097602
2024-02-01 11:00:00,11,3,2,172.98153889086973,21.022731261405127,0,0,-0.4405512028835772
2024-02-01 12:00:00,12,3,2,176.70941786532993,27.66044033411061,0,0,-0.42721839275654094
2024-02-01 13:00:00,13,3,2,162.09010928614407,26.812884027241992,0,0,-0.41437917478948916
2024-02-01 14:00:00,14,3,2,175.68413334813096,27.354956336553986,0,0,-0.419511768017392
2024-02-01 15:00:00,15,3,2,167.5574851506218,25.047540033397297,0,0,-0.4146345715820229
2024-02-01 16:00:00,16,3,2,168.62068398352523,21.221875527395508,0,0,-0.43669292038116014
2024-02-01 17:00:00,17,3,2,186.25044524375414,29.069815473660984,0,0,-0.446812453859979
2024-02-01 18:00:00,18,3,2,156.66024673762928,24.58829661607626,0,0,-0.41828546638767394
2024-02-01 19:00:00,19,3,2,353.7308716248987,31.665138833141672,1,1,-0.5834471817531095
2024-02-01 20:00:00,20,3,2,379.4407311074892,28.27383823083016,1,1,-0.577290773123944
2024-02-01 21:00:00,21,3,2,183.5857818829729,23.094658632143997,0,0,-0.4664167621788883
2024-02-01 22:00:00,22,3,2,179.48711622849984,32.22625417747254,0,0,-0.5241113533494735
2024-02-01 23:00:00,23,3,2,144.56098378832678,28.89489220747787,0,0,-0.4973736611278574
2024-02-02 00:00:00,0,4,2,145.5171830396075,28.306866939325072,0,0,-0.5032839756293879
2024-02-02 01:00:00,1,4,2,144.58862370791633,31.35424445996193,0,0,-0.5067600842936342
2024-02-02 02:00:00,2,4,2,138.7741943287818,34.92017822373551,0,1,-0.5581427813729651
2024-02-02 03:00:00,3,4,2,125.83638854815293,22.584930382001435,0,0,-0.44786591487941857
2024-02-02 04:00:00,4,4,2,140.10686477530473,31.811907089647825,0,0,-0.4855480919286251
2024-02-02 05:00:00,5,4,2,138.35341597407265,26.473984191788702,0,0,-0.4376244054452849
2024-02-02 06:00:00,6,4,2,195.99792688149876,29.236670791389155,0,0,-0.47044727853255885
2024-02-02 07:00:00,7,4,2,160.29318336634125,24.829577097848706,0,0,-0.4252933680991586
2024-02-02 08:00:00,8,4,2,162.47325405651083,32.4127503472676,0,0,-0.4810675454877369
2024-02-02 09:00:00,9,4,2,53.32488190858987,27.25933968126153,1,0,-0.5018577378964485
2024-02-02 10:00:00,10,4,2,66.17943288229158,26.82171912232277,1,0,-0.49743363882648134
2024-02-02 11:00:00,11,4,2,46.67508827640412,27.63316560369485,1,0,-0.5215139084974112
2024-02-02 12:00:00,12,4,2,45.50051219382077,28.251435254657547,1,0,-0.5173124164760772
2024-02-02 13:00:00,13,4,2,172.4980677041844,27.74696146759128,0,0,-0.4282274173412831
2024-02-02 14:00:00,14,4,2,179.75463663336012,27.253930788705713,0,0,-0.43106495122761845
2024-02-02 15:00:00,15,4,2,180.1750605597054,28.198075843178835,0,0,-0.4409275629980609
2024-02-02 16:00:00,16,4,2,182.44873422642692,29.904377058727004,0,0,-0.45913949849873453
2024-02-02 17:00:00,17,4,2,160.86419734233127,26.17642344835886,0,0,-0.43006914418290015
2024-02-02 18:00:00,18,4,2,146.3883883366286,30.034984436283825,0,0,-0.4441966795268448
2024-02-02 19:00:00,19,4,2,154.78546772342696,24.466472549678628,0,0,-0.42919335157910027
2024-02-02 20:00:00,20,4,2,172.8449820010436,25.61467989375417,0,0,-0.4463020340790524
2024-02-02 21:00:00,21,4,2,411.5735568663256,25.44763731188464,1,1,-0.5813700034488842
2024-02-02 22:00:00,22,4,2,170.56571532100145,29.62211611461462,0,0,-0.49160508461227526
2024-02-02 23:00:00,23,4,2,137.19443938936698,29.891075901377047,0,0,-0.5143567898169884
2024-02-03 00:00:00,0,5,2,98.70923469218837,29.619629426268226,0,0,-0.5322879123170653
2024-02-03 01:00:00,1,5,2,110.42335682350753,31.626203134669566,0,0,-0.5266894939796677
2024-02-03 02:00:00,2,5,2,111.16920378644734,26.958106185607537,0,0,-0.4526042648027643
2024-02-03 03:00:00,3,5,2,110.2291233239351,31.443566079327464,0,0,-0.4957019778225048
2024-02-03 04:00:00,4,5,2,109.95294326095295,24.163883169965715,0,0,-0.43974379621428045
2024-02-03 05:00:00,5,5,2,107.10730931386306,25.761899179375607,0,0,-0.43822974397985903
2024-02-03 06:00:00,6,5,2,134.94567461978932,30.908552522856798,0,0,-0.4604288035816843
2024-02-03 07:00:00,7,5,2,30.537946456916476,29.019741190585464,1,0,-0.5428861776593379
2024-02-03 08:00:00,8,5,2,125.40016051168608,29.901496094337862,0,0,-0.4482584805158977
2024-02-03 09:00:00,9,5,2,130.62408347952672,30.83570135926945,0,0,-0.4494974803497711
2024-02-03 10:00:00,10,5,2,155.46109214658708,22.99922343870698,0,0,-0.4470208066084831
2024-02-03 11:00:00,11,5,2,153.68844215380565,25.8720052549665,0,0,-0.4387125400938393
2024-02-03 12:00:00,12,5,2,132.26342151693484,25.753951351749855,0,0,-0.4275480867599873
2024-02-03 13:00:00,13,5,2,39.3300853955504,29.163934001730652,1,0,-0.5361675761148933
2024-02-03 14:00:00,14,5,2,141.6461906321681,27.24634073873804,0,0,-0.43643642304312824
2024-02-03 15:00:00,15,5,2,38.57970224833749,27.2405258193561,1,0,-0.5285350410152129
2024-02-03 16:00:00,16,5,2,128.1479945517726,28.871980467724242,0,0,-0.44729895387677227
2024-02-03 17:00:00,17,5,2,145.18004693060342,34.0770747812079,0,0,-0.5438702118965023
2024-02-03 18:00:00,18,5,2,129.88632970329456,25.029739822467853,0,0,-0.4353232469420362
2024-02-03 19:00:00,19,5,2,129.6974920828904,31.35157636511965,0,0,-0.4761785605893708
2024-02-03 20:00:00,20,5,2,142.6242713391464,31.79732522627699,0,0,-0.5023190194281208
2024-02-03 21:00:00,21,5,2,320.8387931003144,29.017375939584944,1,1,-0.5632395632591785
2024-02-03 22:00:00,22,5,2,152.69647181809424,31.76368124071574,0,0,-0.5308959843168635
2024-02-03 23:00:00,23,5,2,94.603985172792,30.403715461645714,0,1,-0.5599271168162269
2024-02-04 00:00:00,0,6,2,114.42112672215482,32.89197585753694,0,1,-0.5897316142419072
2024-02-04 01:00:00,1,6,2,28.594405889745968,29.125664608614603,1,1,-0.5976340249785992
2024-02-04 02:00:00,2,6,2,116.25802038096525,30.129680677883048,0,0,-0.49993217266911505
2024-02-04 03:00:00,3,6,2,123.34868944606778,25.788279031696945,0,0,-0.4681139376623529
2024-02-04 04:00:00,4,6,2,110.98104628794128,27.473707884659348,0,0,-0.47776120267953354
2024-02-04 05:00:00,5,6,2,107.63097981437323,29.155542649340106,0,0,-0.47499494525434743
2024-02-04 06:00:00,6,6,2,148.54145760719803,25.887115122665275,0,0,-0.4618224013401889
2024-02-04 07:00:00,7,6,2,132.0141626733602,31.774761602313284,0,0,-0.4932184009195808
2024-02-04 08:00:00,8,6,2,135.56811413067737,33.55428576467999,0,0,-0.5267481939868576
2024-02-04 09:00:00,9,6,2,148.13967226716858,30.8262546084176,0,0,-0.4797010901715754
2024-02-04 10:00:00,10,6,2,150.6585187866956,26.997350208106546,0,0,-0.46281455522565584
2024-02-04 11:00:00,11,6,2,130.76970417889686,29.43422870254288,0,0,-0.4611428003979838
2024-02-04 12:00:00,12,6,2,132.8356221008963,25.833929015673647,0,0,-0.44268886423442094
2024-02-04 13:00:00,13,6,2,144.7282336463617,35.23795937287497,0,1,-0.5614266429649937
2024-02-04 14:00:00,14,6,2,399.6612071907554,25.89853527185756,1,1,-0.5820554491939296
2024-02-04 15:00:00,15,6,2,134.77191073489217,29.137057552893527,0,0,-0.46382469955349587
2024-02-04 16:00:00,16,6,2,152.75276033569656,26.871998920699976,0,0,-0.46667658324994044
2024-02-04 17:00:00,17,6,2,157.08283550314218,25.677652457874157,0,0,-0.4617312202280245
2024-02-04 18:00:00,18,6,2,293.0036196506875,30.745848891646098,1,1,-0.5700890517521268
2024-02-04 19:00:00,19,6,2,152.04440293954443,24.931625410118716,0,0,-0.46362808828150326
2024-02-04 20:00:00,20,6,2,144.62606232826877,29.119108732459456,0,0,-0.48723862135081064
2024-02-04 21:00:00,21,6,2,329.03363145550526,29.4886706845235,1,1,-0.5862980806776238
2024-02-04 22:00:00,22,6,2,137.25771381342625,22.287916465567644,0,0,-0.506493386457229
2024-02-04 23:00:00,23,6,2,104.1985256735817,27.77352911612664,0,0,-0.5520996048990566
2024-02-05 00:00:00,0,0,2,127.44978855399778,34.47902422017685,0,1,-0.6052544717294143
2024-02-05 01:00:00,1,0,2,141.24219575658535,30.0419776123454,0,0,-0.5201335048660818
2024-02-05 02:00:00,2,0,2,138.67816602473874,23.12803252876097,0,0,-0.4909923229878837
2024-02-05 03:00:00,3,0,2,149.95766571711022,27.442334366466994,0,0,-0.4907857318447721
2024-02-05 04:00:00,4,0,2,144.63864620158603,28.77832415100751,0,0,-0.4953537403740021
2024-02-05 05:00:00,5,0,2,146.19819141727987,29.30978427610981,0,0,-0.48729336563141407
2024-02-05 06:00:00,6,0,2,189.16200449636443,28.92538666940474,0,0,-0.4995279015986254
2024-02-05 07:00:00,7,0,2,172.80212899207228,30.9742283488081,0,0,-0.4989836760349328
2024-02-05 08:00:00,8,0,2,180.3934431823523,26.302331643021944,0,0,-0.4692345262768917
2024-02-05 09:00:00,9,0,2,497.633739406544,29.53157002218993,1,1,-0.6652031028361931
2024-02-05 10:00:00,10,0,2,189.16114133765691,30.267682989608634,0,0,-0.4998964115074734
2024-02-05 11:00:00,11,0,2,173.33263642791127,27.119451938696105,0,0,-0.4640723305604159
2024-02-05 12:00:00,12,0,2,188.8819384875501,32.744071783157366,0,0,-0.5341959440495034
2024-02-05 13:00:00,13,0,2,178.0059052398388,31.148243170254965,0,0,-0.4992365892662151
2024-02-05 14:00:00,14,0,2,196.76617797870279,29.019132221844174,0,0,-0.49586233563421
2024-02-05 15:00:00,15,0,2,175.0266715461319,31.055333273430907,0,0,-0.49783282989436384
2024-02-05 16:00:00,16,0,2,175.69105003354935,29.619317832837538,0,0,-0.48156096467460785
2024-02-05 17:00:00,17,0,2,199.26372415829783,26.97259717311304,0,0,-0.490379323956968
2024-02-05 18:00:00,18,0,2,191.77462512812727,24.0945837203779,0,0,-0.4786543153937306
2024-02-05 19:00:00,19,0,2,199.07769589480083,30.398538525867924,0,0,-0.5284675314283134
2024-02-05 20:00:00,20,0,2,181.2218136707393,32.87813478494391,0,0,-0.5559632744961983
2024-02-05 21:00:00,21,0,2,179.73829275752271,29.082527654546833,0,0,-0.5089542527467679
2024-02-05 22:00:00,22,0,2,177.08746148915466,27.142929445683986,0,0,-0.5117996426172787
2024-02-05 23:00:00,23,0,2,140.24467576232172,28.295679489024675,0,0,-0.5468887590444221
2024-02-06 00:00:00,0,1,2,138.954015726922,28.11869696769017,0,0,-0.5061213728384485
2024-02-06 01:00:00,1,1,2,45.039335032516455,28.74915566551614,1,1,-0.5672528590774788
2024-02-06 02:00:00,2,1,2,152.4023869298514,35.040530887793224,0,1,-0.5632114869847581
2024-02-06 03:00:00,3,1,2,313.76835399674945,31.20115923588982,1,1,-0.5850714186791597
2024-02-06 04:00:00,4,1,2,141.42945105007664,29.704481961753743,0,0,-0.46896047176868927
2024-02-06 05:00:00,5,1,2,145.57168701640708,25.718919029678812,0,0,-0.4372505001226747
2024-02-06 06:00:00,6,1,2,200.4951016764927,20.841779566394408,0,0,-0.4790522412281458
2024-02-06 07:00:00,7,1,2,179.96915927278187,30.2954643831916,0,0,-0.4695771801030663
2024-02-06 08:00:00,8,1,2,165.69062454813303,30.64416874733604,0,0,-0.4623793266446879
2024-02-06 09:00:00,9,1,2,185.55135254607006,36.7257564166007,0,1,-0.5562108718915073
2024-02-06 10:00:00,10,1,2,179.07394077876754,30.307506162097816,0,0,-0.46552201758974715
2024-02-06 11:00:00,11,1,2,176.8205613897183,30.59500457399163,0,0,-0.46818829204372736
2024-02-06 12:00:00,12,1,2,185.4677493864598,27.02450868895741,0,0,-0.4500470742117142
2024-02-06 13:00:00,13,1,2,190.27645080100044,33.622950685198674,0,0,-0.5308237614043323
2024-02-06 14:00:00,14,1,2,189.2753537840942,29.313331124529224,0,0,-0.4653181099613665
2024-02-06 15:00:00,15,1,2,177.98196415163295,25.632990230745214,0,0,-0.4360375616234609
2024-02-06 16:00:00,16,1,2,175.13211234544454,30.046906281834506,0,0,-0.4621046609206888
2024-02-06 17:00:00,17,1,2,169.83635739011729,28.009188491192443,0,0,-0.43859023852003937
2024-02-06 18:00:00,18,1,2,171.3608177663185,20.987725602529178,0,0,-0.4546339910401847
2024-02-06 19:00:00,19,1,2,183.54328705014464,23.679964137913068,0,0,-0.4394556700023543
2024-02-06 20:00:00,20,1,2,175.66581776530361,24.695463907427694,0,0,-0.4438739262782205
2024-02-06 21:00:00,21,1,2,192.14654946143185,27.02263544408252,0,0,-0.47029379070846317
2024-02-06 22:00:00,22,1,2,185.9437154846151,30.874433741175192,0,0,-0.5271079436087036
2024-02-06 23:00:00,23,1,2,150.56124857404356,36.236761673312465,0,1,-0.6069726734420929
2024-02-07 00:00:00,0,2,2,135.8898039955415,23.378675150827704,0,0,-0.47070704736385455
2024-02-07 01:00:00,1,2,2,147.63960190672012,28.245883427921623,0,0,-0.46848948108582017
2024-02-07 02:00:00,2,2,2,151.4015690901057,26.264534346521714,0,0,-0.4447867534852653
2024-02-07 03:00:00,3,2,2,150.84569851870833,35.308532084061824,0,0,-0.5510409964771437
2024-02-07 04:00:00,4,2,2,152.972080557205,31.764088024654665,0,0,-0.4899299991272044
2024-02-07 05:00:00,5,2,2,154.34632837777679,30.13910150867981,0,0,-0.4533072751891797
2024-02-07 06:00:00,6,2,2,187.02924570830174,27.256131505208415,0,0,-0.44322326396183437
2024-02-07 07:00:00,7,2,2,172.2548399253161,26.733686302975578,0,0,-0.4249121873259923
2024-02-07 08:00:00,8,2,2,210.04536318419127,26.8146578089379,0,0,-0.45435929741427383
2024-02-07 09:00:00,9,2,2,177.4692703563865,29.28093096787886,0,0,-0.43462552301570506
2024-02-07 10:00:00,10,2,2,64.3907883921452,28.6850993556225,1,0,-0.5303691754004586
2024-02-07 11:00:00,11,2,2,202.11031499830634,31.27799245666803,0,0,-0.4822657992292795
2024-02-07 12:00:00,12,2,2,178.69122983730625,28.1944533408895,0,0,-0.4315048076517726
2024-02-07 13:00:00,13,2,2,184.95866169720503,27.935553578501825,0,0,-0.4367004667192936
2024-02-07 14:00:00,14,2,2,202.67932564167816,31.416928836709594,0,0,-0.48657575470281805
2024-02-07 15:00:00,15,2,2,186.50492326283526,23.972077101673914,0,0,-0.42956462396014455
2024-02-07 16:00:00,16,2,2,183.87438856078012,32.07182954647908,0,0,-0.4964120894464047
2024-02-07 17:00:00,17,2,2,180.06116165611806,32.23050901249342,0,0,-0.4967979651560229
2024-02-07 18:00:00,18,2,2,172.0949509684635,30.669130851586555,0,0,-0.4630809813207766
2024-02-07 19:00:00,19,2,2,198.6590257216909,24.70162992851929,0,0,-0.4501891373387247
2024-02-07 20:00:00,20,2,2,196.44256052831383,27.588855955650626,0,0,-0.46841522989124124
2024-02-07 21:00:00,21,2,2,165.17390996388266,27.186687221777476,0,0,-0.45617393895534714
2024-02-07 22:00:00,22,2,2,184.39853714572604,24.585504221656116,0,0,-0.4774802241711996
2024-02-07 23:00:00,23,2,2,139.87394785242142,26.932578562965205,0,0,-0.49923395044418173
2024-02-08 00:00:00,0,3,2,136.48159099794105,27.995126820883463,0,0,-0.4953429663652152
2024-02-08 01:00:00,1,3,2,148.38236976694108,30.405325767468263,0,0,-0.49283828161548143
2024-02-08 02:00:00,2,3,2,149.60507464852026,35.80627092627166,0,1,-0.5651417990759411
2024-02-08 03:00:00,3,3,2,141.69286738335964,29.24005384958847,0,0,-0.45674860706118603
2024-02-08 04:00:00,4,3,2,150.6560034417248,28.774569651629523,0,0,-0.4483252129017534
2024-02-08 05:00:00,5,3,2,154.89440202993123,31.49605516951855,0,0,-0.4743225467324127
2024-02-08 06:00:00,6,3,2,183.14415494390627,30.38405288455263,0,0,-0.46381210390977456
2024-02-08 07:00:00,7,3,2,180.09106658208327,32.640462268303146,0,0,-0.49680863237409534
2024-02-08 08:00:00,8,3,2,53.85943055064522,28.14317461274958,1,0,-0.5230788103338031
2024-02-08 09:00:00,9,3,2,194.52322561207734,28.201394471298375,0,0,-0.4407380567364887
2024-02-08 10:00:00,10,3,2,184.2614403334885,26.631718865480508,0,0,-0.42823610290413006
2024-02-08 11:00:00,11,3,2,206.62270169565414,30.35427301112746,0,0,-0.47437236465557786
2024-02-08 12:00:00,12,3,2,199.65372477073907,30.31351557076585,0,0,-0.46225537983280873
2024-02-08 13:00:00,13,3,2,187.3787261942254,26.45331998851314,0,0,-0.4327918053843711
2024-02-08 14:00:00,14,3,2,200.10428557006753,32.2357959564898,0,0,-0.49645265194047594
2024-02-08 15:00:00,15,3,2,67.36135016145634,28.345807318816707,1,0,-0.5228318190533576
2024-02-08 16:00:00,16,3,2,162.19062538286454,21.09632286014234,0,0,-0.4400973638456903
2024-02-08 17:00:00,17,3,2,191.6467839019122,32.41516934525731,0,0,-0.5051516596182207
2024-02-08 18:00:00,18,3,2,180.2152913169033,24.619787653537173,0,0,-0.42506420664960687
2024-02-08 19:00:00,19,3,2,206.2112383313771,28.142724557612997,0,0,-0.4635602875171176
2024-02-08 20:00:00,20,3,2,192.53776918286695,24.330860273851705,0,0,-0.44853912374225546
2024-02-08 21:00:00,21,3,2,180.06307966831136,34.25911741649457,0,0,-0.5532308259397583
2024-02-08 22:00:00,22,3,2,189.34877228573845,25.086522872269537,0,0,-0.4819526370193698
2024-02-08 23:00:00,23,3,2,146.24803252706874,31.361001894525327,0,0,-0.5290287768156073
2024-02-09 00:00:00,0,4,2,149.03621802252042,29.43240357898939,0,0,-0.5150656032330626
2024-02-09 01:00:00,1,4,2,133.8062816357253,24.87021054960293,0,0,-0.458792730146978
2024-02-09 02:00:00,2,4,2,35.5796827410339,29.02807594706393,1,0,-0.5420685641279067
2024-02-09 03:00:00,3,4,2,140.54721741556136,32.63566289311249,0,0,-0.5112949959472878
2024-02-09 04:00:00,4,4,2,156.92639828835598,28.727071941133094,0,0,-0.4480061243017802
2024-02-09 05:00:00,5,4,2,155.0245399319916,30.261854391540233,0,0,-0.45630260566543435
2024-02-09 06:00:00,6,4,2,178.31516800214928,30.24639204092688,0,0,-0.4636386688213852
2024-02-09 07:00:00,7,4,2,169.44865438437606,27.83814004820512,0,0,-0.43484853809715707
2024-02-09 08:00:00,8,4,2,423.66409488618154,30.1041039354208,1,1,-0.5911282331740014
2024-02-09 09:00:00,9,4,2,165.83553899150684,24.41289197713987,0,0,-0.4217377062976445
2024-02-09 10:00:00,10,4,2,161.45157945067822,26.245716375409778,0,0,-0.4236417281987239
2024-02-09 11:00:00,11,4,2,166.99135092418769,27.945602547527912,0,0,-0.42788209666878124
2024-02-09 12:00:00,12,4,2,180.31397832076487,30.886446093507203,0,0,-0.4655106207524096
2024-02-09 13:00:00,13,4,2,173.1347032458665,29.695042961687527,0,0,-0.44013730432714404
2024-02-09 14:00:00,14,4,2,185.15973939823806,34.15776396493619,0,0,-0.5269783648146393
2024-02-09 15:00:00,15,4,2,179.00154212375332,26.783849750037245,0,0,-0.43207333247570223
2024-02-09 16:00:00,16,4,2,160.15054665518934,30.929182103729133,0,0,-0.4622720088690078
2024-02-09 17:00:00,17,4,2,170.52857584682755,26.779248921351236,0,0,-0.42950338991870307
2024-02-09 18:00:00,18,4,2,191.70685669931225,29.97176758987744,0,0,-0.46804924236366474
2024-02-09 19:00:00,19,4,2,168.7239605468844,27.263141571059847,0,0,-0.4329557585794252
2024-02-09 20:00:00,20,4,2,176.95052414122523,31.170128054882795,0,0,-0.4911360019242486
2024-02-09 21:00:00,21,4,2,181.91180758831106,27.858460284067327,0,0,-0.46940286604101417
2024-02-09 22:00:00,22,4,2,181.60082767091063,33.10641908733997,0,0,-0.5557175346328798
2024-02-09 23:00:00,23,4,2,134.29689660141392,28.530240002217436,0,0,-0.5015564149749465
2024-02-10 00:00:00,0,5,2,276.9813403954246,25.325760310203947,1,1,-0.5712751215837443
2024-02-10 01:00:00,1,5,2,119.35329100800136,26.286675974709397,0,0,-0.4751243640404268
2024-02-10 02:00:00,2,5,2,105.94976507031106,27.204199658500755,0,0,-0.4541072784582565
2024-02-10 03:00:00,3,5,2,113.09375610534272,34.57808981197622,0,1,-0.557774863256287
2024-02-10 04:00:00,4,5,2,114.31490139993673,33.795316810596745,0,0,-0.5372767567721998
2024-02-10 05:00:00,5,5,2,109.35831740519015,31.976203717279873,0,0,-0.49638147147500583
2024-02-10 06:00:00,6,5,2,135.19191967172483,27.76873852082534,0,0,-0.44440335255145136
2024-02-10 07:00:00,7,5,2,125.86649641272335,28.7974036204831,0,0,-0.4436385004408106
2024-02-10 08:00:00,8,5,2,137.3067918000255,31.016538802314543,0,0,-0.45350998426071737
2024-02-10 09:00:00,9,5,2,140.13852258273076,27.184633304395238,0,0,-0.43737670710492893
2024-02-10 10:00:00,10,5,2,144.27505981533224,28.20358323908966,0,0,-0.440578829324818
2024-02-10 11:00:00,11,5,2,133.8912622519107,31.40967658301355,0,0,-0.46221472995549495
2024-02-10 12:00:00,12,5,2,138.771277453987,31.48514800617022,0,0,-0.46069765644640975
2024-02-10 13:00:00,13,5,2,147.72430711462854,24.62946360991792,0,0,-0.43146141871997434
2024-02-10 14:00:00,14,5,2,141.0294538626949,30.53949212301012,0,0,-0.45338296634064595
2024-02-10 15:00:00,15,5,2,134.288507358095,20.955862210916862,0,0,-0.45690445172887906
2024-02-10 16:00:00,16,5,2,143.09817238981032,28.040398456072687,0,0,-0.4459794820664464
2024-02-10 17:00:00,17,5,2,151.17623401888468,29.014905180930906,0,0,-0.4489766108349401
2024-02-10 18:00:00,18,5,2,151.2428075315194,28.68225015675374,0,0,-0.4458960380121506
2024-02-10 19:00:00,19,5,2,144.82685514826207,27.981355705986967,0,0,-0.44963846708778643
2024-02-10 20:00:00,20,5,2,147.50693316743534,26.29024881543886,0,0,-0.46205877055892275
2024-02-10 21:00:00,21,5,2,142.40442594598878,34.56853566356812,0,1,-0.5564889308013778
2024-02-10 22:00:00,22,5,2,140.36413338826503,27.06058071331972,0,0,-0.49678971697253216
2024-02-10 23:00:00,23,5,2,98.88530015378254,32.569821038818006,0,1,-0.5812881520502526
2024-02-11 00:00:00,0,6,2,100.53041630961573,31.987490361382893,0,1,-0.5793715559843126
2024-02-11 01:00:00,1,6,2,105.62313240186666,33.38255007458296,0,1,-0.5885666768040471
2024-02-11 02:00:00,2,6,2,120.63235259400746,24.1644666564952,0,0,-0.47913415628233047
2024-02-11 03:00:00,3,6,2,110.91284056940194,30.343677400928883,0,0,-0.49740492503291844
2024-02-11 04:00:00,4,6,2,104.35477628882226,24.82537999957463,0,0,-0.46865352635900553
2024-02-11 05:00:00,5,6,2,122.2966274568987,29.50855586361134,0,0,-0.47590863491498614
2024-02-11 06:00:00,6,6,2,142.61846825809025,26.153948467243925,0,0,-0.4615183258525965
2024-02-11 07:00:00,7,6,2,136.2746543454026,35.300943066448,0,1,-0.56474049520156
2024-02-11 08:00:00,8,6,2,330.67365551489513,31.02638795533919,1,1,-0.5851606762996167
2024-02-11 09:00:00,9,6,2,145.6066346010017,29.551156078014362,0,0,-0.46904695513328315
2024-02-11 10:00:00,10,6,2,140.42919376772753,28.709867511990165,0,0,-0.46291417331716717
2024-02-11 11:00:00,11,6,2,143.4839832509827,33.57706172869034,0,0,-0.5318038144475277
2024-02-11 12:00:00,12,6,2,127.66580411685247,30.058294782357738,0,0,-0.46428917493904376
2024-02-11 13:00:00,13,6,2,130.4601599359213,30.974122004502735,0,0,-0.48287261958809036
2024-02-11 14:00:00,14,6,2,153.8544107918287,23.669691503050345,0,0,-0.4519280455398453
2024-02-11 15:00:00,15,6,2,131.2450094359676,30.122255284172915,0,0,-0.4664830321296342
